original_index,label
85003,0
61906,0
48023,0
69951,0
10678,0
35630,0
39610,1
43393,0
25584,0
38813,0
6626,0
80285,0
92496,0
36023,0
96535,0
16005,0
86839,0
59266,0
212,0
95033,0
9132,0
10162,0
37876,0
20984,0
50809,1
39414,0
16063,0
15997,0
5055,0
66494,0
8884,1
3691,0
21224,0
49232,0
1309,0
73121,0
35863,0
60494,0
70935,0
55029,0
2090,0
40974,0
75250,0
61601,0
64348,0
14008,0
60041,0
1983,0
45766,0
42914,0
71298,1
52690,0
28700,0
94791,0
37550,0
82812,0
27970,0
63264,0
65368,0
60755,0
76544,0
34611,0
25451,0
56943,0
87740,0
59048,0
82326,0
28028,0
60440,0
78376,0
82508,0
34937,0
1755,0
32406,0
83592,0
64818,0
22633,0
17329,0
85002,0
62354,0
63058,0
87900,0
61439,0
20260,1
38262,0
63100,1
897,0
50860,0
89238,0
64737,0
92336,0
57456,0
61053,0
12131,0
80842,0
46260,0
28743,0
49527,0
72221,0
87697,0
61984,0
72816,0
54174,0
74097,0
13451,0
48910,0
20251,0
85672,0
17294,0
62623,0
65094,0
57107,0
70184,0
8547,0
83257,0
25187,0
24520,0
76536,0
69316,0
25062,0
65558,0
84639,0
93063,0
74103,0
5501,0
83202,0
6285,0
11115,0
66972,0
90929,0
88537,0
19389,0
21131,0
6532,0
76596,0
93970,0
7325,1
30227,0
80641,1
82595,0
58266,1
59100,0
31341,1
42898,0
96083,0
45930,0
1205,0
35697,0
55733,0
41610,0
4794,0
56872,0
30360,0
70872,0
27119,0
55123,0
50907,0
46715,0
31200,0
95835,0
4810,0
94003,0
4887,0
53164,0
50785,0
48795,0
48142,0
63515,0
36597,0
63794,0
64376,0
34753,0
67356,0
33345,0
29350,0
79884,0
92139,0
72904,0
29671,0
68397,1
24758,0
50404,0
21842,0
20226,0
6933,0
65601,0
49597,0
194,0
79357,0
44638,1
20112,0
69330,0
28416,0
14452,0
36638,0
20880,0
31198,1
15134,0
74176,0
27744,0
59777,1
83450,0
3006,0
39879,0
59978,0
71327,0
63642,0
40463,1
8897,0
78710,1
16423,0
50210,0
7581,0
21273,0
15929,0
64028,1
29790,0
91809,0
43597,0
57470,0
53540,0
67256,0
54824,0
18864,0
47119,0
61515,0
40167,0
66782,1
20156,0
48372,0
90238,0
61825,0
67396,0
12606,0
21469,0
7381,0
1759,0
93175,0
35179,0
93635,0
16732,0
30052,0
16124,0
76255,0
77333,0
13183,0
70183,0
5085,0
1910,1
52124,0
39664,0
10808,0
7613,0
81740,0
8421,0
89205,0
367,0
83964,0
96441,0
44340,0
33092,1
54837,0
46785,0
72280,0
54954,0
23040,0
73225,0
79533,0
35118,0
53082,1
93001,0
38416,0
49131,1
72211,0
23668,0
34719,0
36040,0
70643,0
12721,0
41367,0
69888,0
15307,0
63202,0
78001,0
50138,0
57084,0
35882,1
64299,0
27386,0
47230,1
89017,0
55887,0
45259,0
15934,0
95349,0
7856,0
12442,0
31268,0
25678,0
12355,0
50935,0
68180,1
24840,0
36060,0
5114,1
4631,0
37679,0
12547,0
62798,0
36903,0
27233,0
41186,1
73417,0
26110,0
42530,0
68185,1
38446,0
77183,0
58745,0
70729,0
17927,0
17612,0
52914,0
12767,0
9797,0
9059,0
64988,0
84197,0
39021,0
76548,0
43751,0
30461,0
23292,1
169,0
57923,0
92731,0
73942,0
25978,1
25899,0
2639,0
63406,0
48507,0
9601,0
34366,0
92026,0
65830,0
40051,1
55339,0
65415,0
45424,0
41440,0
16316,0
63856,0
33643,0
10307,0
31229,0
73319,0
54325,0
2216,0
30393,0
95148,0
88086,0
21502,0
50922,0
92370,0
64955,0
52130,0
79311,1
75290,0
75645,0
44266,0
88955,0
4881,0
49725,0
932,0
4695,0
65007,0
89787,0
69312,0
89338,0
7455,0
69934,0
31460,0
94032,0
27803,0
34850,1
82924,0
88947,0
39433,1
86784,0
89624,0
78872,0
14974,0
56434,0
77361,0
78085,0
50195,0
19444,0
91734,0
7021,1
52586,0
36261,0
92165,0
12134,0
59539,0
422,0
45718,0
28706,0
71925,0
77286,0
22627,0
89580,0
16396,0
53137,0
77226,0
48894,0
73024,0
4109,0
30965,0
54621,1
87987,0
63079,0
34981,0
7017,0
38121,0
14881,0
11786,0
10471,0
50145,0
78055,0
11359,0
62403,0
39155,0
56881,0
8565,0
40279,0
37820,0
89764,0
95084,0
28123,0
91864,0
52683,0
66682,0
35283,1
59542,0
31801,0
56489,0
59018,0
33337,0
147,0
32551,0
81226,0
35905,1
79998,1
6305,0
37137,1
61785,0
79053,1
10527,0
82940,0
75876,0
79983,0
10347,0
24468,0
74846,0
7463,0
29174,1
53025,0
53862,0
90283,0
67313,0
67198,0
42558,0
25175,0
54607,0
14053,0
10612,0
89067,0
47282,0
48757,0
66253,1
29072,0
1411,0
8630,0
38981,0
32345,1
40605,0
40853,0
17844,0
76400,0
28226,0
94198,0
49746,1
8738,1
71968,0
89531,0
13255,0
93788,0
82581,0
69623,0
62278,1
7231,0
21984,0
87711,0
71344,0
4051,0
11440,0
63871,0
72613,0
92573,0
7883,0
4350,0
11903,0
33476,0
15172,1
41069,0
96781,0
23288,0
75316,0
93092,0
46166,0
36984,0
550,0
44643,0
62406,0
1863,0
36211,0
3949,0
18405,0
13167,0
33660,0
87928,0
72965,0
24397,0
6821,0
53020,0
3290,0
46152,0
34927,0
80129,0
66642,0
16465,0
10105,0
39548,0
7965,0
10564,0
4176,0
80805,0
52507,0
7767,0
85939,0
49203,0
3659,0
19643,0
50620,0
32922,0
65385,0
10091,0
74727,1
6767,0
20927,0
5020,0
11172,0
30254,0
69212,0
77123,0
19120,0
18516,0
68186,0
66961,0
15899,0
75506,0
58171,0
46008,0
2621,0
12113,0
3619,0
65049,0
1513,0
1180,0
80216,0
51081,1
91670,0
70858,0
83082,0
52678,0
22504,0
20460,0
11012,0
21348,0
1726,0
71892,0
710,0
54924,0
28611,0
70401,0
58726,0
12848,0
39691,0
81585,0
83981,0
37537,0
11161,0
92393,0
10068,0
9959,0
87265,1
44820,0
80806,0
96916,0
70773,0
87116,0
13177,0
62659,0
96153,0
78683,0
51178,0
50350,0
29487,1
32778,0
46945,1
52026,0
70905,0
89115,0
66841,0
85437,0
39051,0
34480,0
14920,0
68296,0
31196,0
88166,0
32602,0
38146,0
87636,0
26036,0
48886,0
28214,0
67415,0
18267,0
96918,0
49018,0
593,0
73960,0
66610,0
9250,0
26369,0
32656,0
84576,0
36234,0
25108,0
61114,0
8372,0
79543,1
5911,0
32284,0
86426,0
59451,0
20233,0
6560,0
15038,0
74936,0
67097,0
32089,0
1772,0
25812,0
40035,0
83052,1
33490,0
50909,0
10679,0
71164,0
68820,0
19108,0
25646,1
11626,0
28273,0
69219,1
7389,0
28469,0
52598,0
8079,0
23510,0
27574,0
63049,0
35095,0
27177,0
95291,0
37913,0
62187,0
11301,0
63504,0
74319,0
40773,0
2972,0
51805,0
72537,0
46157,0
43121,0
85373,0
67402,0
11550,0
54854,0
73662,1
28649,0
58043,0
35071,0
89473,0
62636,0
94548,0
40204,0
26521,0
42774,0
50286,0
50782,0
17150,0
38242,0
83482,0
30484,0
74293,0
94401,0
85833,0
12194,0
23276,0
76143,0
17763,0
34504,0
19702,0
96529,0
10295,0
22666,0
5520,0
29676,1
5979,0
32748,0
31905,0
90570,0
61664,1
86985,0
70992,0
25317,0
77929,0
51246,0
22514,0
85287,0
90208,0
16619,0
58675,0
51499,0
22284,0
88236,0
55099,0
34602,0
1108,1
61217,0
64147,0
96469,0
33137,0
85819,0
96168,0
35085,0
83353,0
83345,0
64786,1
81883,0
36280,0
55565,0
71602,0
36466,0
61894,0
23740,0
54781,0
41037,0
80565,0
11414,0
8969,0
4817,0
47937,0
28303,0
91912,0
83868,0
39173,0
55421,0
15332,0
81553,0
37212,0
91283,0
26359,0
62445,1
42340,0
87918,0
63851,0
19626,0
38945,0
96478,0
96424,0
35424,0
52092,0
85226,0
49900,0
37544,0
62964,0
7187,0
31554,1
93634,0
10139,0
37726,0
1084,0
90557,0
23128,0
34986,0
39337,0
17349,0
20210,0
25077,0
60757,0
89612,0
42904,0
91840,0
72434,0
63739,0
91822,0
39062,0
85711,0
72928,0
76967,0
94950,0
41268,0
72542,0
37604,0
55760,0
42224,0
61687,0
45595,0
90658,0
66606,0
29699,0
48127,0
7584,0
77365,0
35926,0
23159,0
68752,0
20009,0
79279,0
78695,0
40685,0
64495,0
54803,0
42379,0
83187,0
75535,0
72498,0
5009,0
39747,0
11398,0
40592,0
35137,1
93573,0
84497,0
6430,0
7732,1
14212,0
95905,0
37395,0
61486,0
42973,0
80415,0
35789,0
48137,0
89940,0
38680,1
67132,0
31875,0
31009,0
5966,0
4763,0
30783,0
41742,0
72457,0
89046,0
48945,1
31393,0
28316,0
96397,0
91322,0
58520,1
17900,0
68499,0
60658,0
56391,0
65348,0
17118,0
48666,0
27962,1
8004,0
21368,0
96113,0
22672,0
61560,0
68687,0
25116,0
37342,1
19284,0
52583,0
85156,0
9554,0
25754,0
91182,0
81579,0
33746,0
13552,0
76631,0
21166,0
81177,0
45472,0
89825,0
25563,0
47015,0
59342,0
72124,0
35197,0
30022,0
86557,0
1110,0
84331,0
32379,0
17989,0
79701,0
86367,0
86630,0
10449,0
3943,0
19816,0
81161,0
75119,0
34369,0
10822,0
68346,0
59043,0
33902,0
46590,0
1858,0
83287,1
76404,0
72461,0
22686,0
16032,0
28440,0
37503,0
4042,0
50858,0
60888,0
6027,0
13153,0
18593,0
18249,0
79967,0
36695,0
69302,0
52848,0
11358,0
18809,1
19780,0
53377,0
66542,0
60370,0
69059,1
35798,0
61578,0
86526,0
16181,0
47153,1
97116,0
16982,0
29817,0
74090,0
30193,0
5260,0
48800,0
68769,0
39624,0
14199,0
81618,0
11209,0
68901,0
56228,0
9230,0
19808,0
7853,0
46300,0
1808,0
58434,0
31637,0
61860,0
56381,0
16608,1
38069,0
728,0
18934,0
42485,0
11677,0
13308,0
27670,0
25590,0
89899,0
24563,0
92593,0
43268,0
16607,0
5642,0
53420,0
48486,0
14397,0
20467,0
84771,0
38385,0
19932,0
18004,1
22696,0
6681,0
62543,0
39648,0
35862,0
63974,0
5325,0
64642,0
93287,1
16924,0
17009,0
12399,0
60268,0
92803,0
3117,0
12811,0
50965,0
46592,0
53428,0
23507,0
82627,0
79709,0
68548,0
61117,0
76553,0
64166,0
67024,0
29412,0
17311,0
94853,0
78810,0
11762,0
36036,0
80545,0
6317,0
21784,0
55982,0
29590,0
11319,0
10226,0
17859,0
54462,0
10280,0
31475,1
303,0
50442,0
17877,0
43414,0
21007,0
78951,0
74195,0
22257,0
63606,0
93754,0
35889,0
87359,0
9360,0
20005,0
62839,0
82495,0
13384,0
56435,0
74398,0
15280,0
23861,0
40677,0
13759,1
5258,0
24822,0
39583,0
10426,0
35839,0
44863,0
8549,0
8666,1
69449,0
44602,0
56058,1
92520,0
27305,0
54331,0
68247,0
26556,0
47913,0
56474,0
1499,0
50278,0
87828,0
51950,0
90623,0
79031,0
27602,0
89358,0
51964,0
74247,0
72579,0
74198,1
87002,0
19973,0
31287,0
24657,0
79403,0
85508,0
22765,0
831,0
62372,0
9340,0
25547,0
87293,0
45659,0
50080,0
84556,0
13337,0
61584,0
33407,0
81152,0
7214,0
25436,0
88382,0
89850,1
67126,0
94457,0
27009,0
5777,0
17483,0
10501,0
34431,0
40996,0
59176,0
79545,0
80344,0
2280,0
77447,0
76751,0
70478,0
48128,0
34989,0
9273,0
80530,0
60307,0
57505,0
65518,0
11641,0
42836,0
75000,0
9718,0
43624,1
45264,0
19871,0
22335,0
4469,0
65847,0
18468,0
73373,0
379,1
85544,0
572,0
7150,0
6093,0
51036,0
38423,0
23100,0
60342,0
52611,0
9898,0
82957,0
75758,0
90077,0
88919,0
76526,1
62047,0
78945,1
60368,0
60168,0
91314,0
84223,0
70373,0
8380,0
76208,0
85519,0
38351,0
92763,0
28367,1
35314,0
22449,1
74056,0
71576,1
48544,0
45981,0
53736,0
73472,0
42705,0
72096,0
55658,1
31381,0
66791,0
62045,0
81118,0
67454,0
63030,0
36856,0
78860,0
17959,1
141,0
35047,0
34174,0
34188,0
91881,0
42986,0
35852,0
57003,1
63930,0
18740,0
92204,0
5916,0
66412,0
2410,0
66928,0
20580,0
79083,0
64394,0
81264,0
28625,0
92688,0
7554,0
1236,0
11845,0
77872,0
78613,0
87165,1
85012,0
59353,0
6418,0
33384,0
16340,0
85965,0
30125,0
88465,0
95697,0
69293,0
25915,0
34097,0
93558,0
90209,0
59528,0
80170,0
62573,0
73285,1
73260,0
63292,0
66445,0
92529,0
53413,0
6668,0
1511,0
361,1
42536,0
59861,0
37356,0
71917,0
7961,0
29051,0
846,0
90449,0
88330,0
62112,1
69182,0
39103,0
20338,0
61342,0
4740,0
23180,1
96960,0
801,0
41167,0
91279,0
40476,0
18016,0
90291,0
21186,0
25592,0
10834,0
90544,0
30694,0
97035,0
69734,0
22092,0
65928,0
84261,0
44541,0
21432,0
75636,0
41320,0
55599,0
18844,0
39064,0
32393,1
54134,0
26618,1
25318,0
40586,0
80024,0
81849,0
78364,0
71009,0
13180,0
85314,1
43449,0
82255,0
35725,0
70629,0
72419,1
92809,0
88392,0
89161,0
75344,0
71766,0
76250,0
54353,0
24329,0
42265,0
75400,0
55743,1
17589,0
94827,0
5822,0
45958,0
87835,0
87806,1
9077,0
24385,0
22088,0
56422,0
80244,1
89763,0
5001,0
89091,0
39278,0
93307,1
20705,0
61187,1
427,0
46702,0
23167,0
45352,0
86056,0
13787,0
77345,0
15131,0
34212,0
34965,0
51464,0
31719,0
49749,0
71017,0
78385,0
83682,0
71983,0
29416,0
29748,0
62869,0
29578,0
63965,0
2469,0
32180,1
16429,0
95864,0
67957,0
63384,0
81212,0
88495,0
43078,0
54472,0
70551,0
9044,0
19672,0
38182,0
93479,0
48439,0
86098,0
13306,0
94699,0
2309,0
22816,0
56091,0
59116,0
49756,1
18140,1
60925,0
77550,0
33693,0
33122,0
72839,0
81116,0
53739,0
88327,0
83535,0
81906,0
85403,0
94550,0
42915,0
49584,0
56985,1
93000,0
31358,0
23592,0
16826,0
95068,0
4856,0
31865,0
20655,0
22800,0
15566,0
67945,0
93988,0
67597,0
43178,0
11212,0
61782,0
35202,0
90471,0
14533,0
53389,0
89089,0
11296,0
22593,1
74134,0
2412,0
80897,0
41936,0
41816,0
59780,0
63729,0
32583,0
22452,0
55362,0
8394,0
29985,0
69696,0
13319,0
25252,0
11025,0
96385,0
61163,0
29318,0
76824,0
8009,0
75201,0
42692,0
39373,0
5717,0
90110,0
52987,0
8873,0
45505,0
45204,0
86717,0
83676,0
3165,0
31643,0
47993,0
81797,1
52761,0
94370,0
74471,0
43562,0
35282,0
93214,0
62091,0
24918,0
4669,0
64381,0
20978,0
6311,1
90365,0
37317,0
65520,0
20059,0
16737,0
16441,0
35925,0
44693,0
3193,0
17183,0
48452,0
31116,1
5219,0
63758,0
38856,0
54164,0
40446,0
309,0
8031,0
83390,0
57162,0
30790,0
12678,0
505,0
3558,0
68101,0
66868,1
30415,0
34857,0
60934,0
59024,0
54356,0
79870,0
14460,0
41518,0
1707,0
17834,0
50810,0
29202,0
41639,0
16978,0
49242,0
46740,0
89536,0
21815,0
74667,0
24459,0
11667,0
85089,0
79093,0
17143,0
28358,0
7691,0
26745,0
40092,0
3644,0
80490,0
42225,0
11852,0
84748,0
2300,0
61487,0
69455,0
18577,1
87729,0
41832,0
7911,0
40378,0
3430,1
83958,0
48965,0
69925,0
81939,0
63658,0
52342,0
49696,0
16023,0
87229,0
70130,0
41580,0
1434,0
85147,1
67428,0
67409,0
95709,0
18111,0
62011,0
73070,0
17688,0
39117,0
77607,0
30009,0
84096,0
14196,1
60920,0
20778,0
25115,1
56290,0
85267,1
29271,0
22417,0
65748,1
10306,0
7501,0
21023,0
92733,0
9624,0
77006,0
39377,0
45482,1
57064,0
2997,0
17121,0
53558,0
8946,0
64006,0
40442,0
24455,0
47121,0
7573,0
15531,0
41595,0
94151,0
21084,0
28125,0
90332,0
27281,0
91885,0
31849,0
87205,1
16385,0
82502,0
91331,0
82458,0
6162,0
91795,0
24377,0
96025,0
29598,0
29692,0
36424,0
77508,0
51191,0
65357,0
3799,0
47352,0
64899,0
16718,0
70474,0
89904,1
37167,0
44311,0
18043,0
75154,0
80916,0
2177,0
2627,0
21402,0
20963,0
46233,0
30029,0
53456,0
8988,0
63634,0
79020,0
23212,0
62699,0
11922,0
62618,0
37033,0
44305,0
39204,0
23646,0
68082,0
74567,0
14921,0
31666,0
81684,0
91506,0
1150,0
35412,0
70568,1
94906,0
5354,0
90008,1
42672,0
3761,0
15746,1
33106,1
13844,0
36832,0
33512,0
16187,0
69991,1
70758,0
60283,0
63622,1
91772,0
23487,0
6241,0
25665,1
65159,1
19259,0
5518,0
26507,0
3872,0
30130,0
6061,0
1485,0
82498,1
40192,0
71355,0
34694,0
13891,0
76614,0
25371,0
28003,0
89749,0
85973,0
31630,1
3486,0
72862,0
69610,1
59810,0
78445,1
25220,0
52514,0
8655,0
52677,0
2368,0
49414,0
53627,0
56245,0
15009,0
7086,0
67244,0
31895,0
43254,0
29667,0
35886,0
40545,0
74341,0
25081,0
54810,0
30678,0
42731,0
78580,0
60010,0
50053,0
33485,0
62721,0
65377,0
4926,0
43942,0
19208,0
87336,0
15551,0
79996,0
84866,0
22830,0
83374,0
86650,0
46274,0
94855,1
79276,0
20892,0
84705,0
37472,0
27584,0
4362,0
14510,0
60605,0
91654,0
81900,0
69899,0
48976,0
64659,1
27647,1
15675,0
68803,0
48696,0
7585,0
80281,0
31027,0
64290,0
30914,1
72518,0
59255,1
29259,0
11101,0
81985,0
12989,1
57546,0
2458,1
15106,0
51772,0
71913,0
30850,0
11920,0
32388,0
89057,0
8780,0
53271,0
96406,0
32002,0
66067,0
61095,1
21262,0
4015,0
41886,0
18587,0
53719,0
71579,1
83561,0
50476,0
6106,0
34384,0
48482,0
67276,0
32683,0
68272,0
90759,0
43224,0
24732,0
80817,0
21953,0
70513,0
77362,0
77620,0
45520,0
15849,0
7744,0
75263,0
58338,0
21535,0
85891,0
94029,0
11698,0
81409,0
21052,1
33013,0
85788,0
5428,0
70823,0
43643,0
28467,0
63183,0
73503,0
92270,0
60653,1
6148,0
27404,0
36511,0
48649,0
56636,0
72047,0
30650,0
23244,0
52060,0
73898,1
3301,0
87091,0
31128,0
17122,0
85643,0
63952,0
26087,1
70252,0
74850,0
28640,0
38818,0
55015,0
96372,0
4494,0
48682,0
71270,0
49222,0
9549,0
22086,0
3524,0
26837,0
40242,0
72925,0
4071,0
39020,0
18567,0
54382,0
83699,0
38128,0
20486,1
20843,1
14327,0
48009,0
84807,0
59585,0
13786,0
76660,0
53805,0
78411,0
6023,0
86312,0
32725,0
36715,0
29322,0
39448,0
28974,0
68703,0
60282,0
94921,0
85202,0
36834,0
65317,0
45451,0
19065,0
32637,0
51389,0
68906,0
82552,0
888,0
7221,0
40511,0
88752,0
96990,0
34171,0
20536,1
45272,0
3977,0
66194,0
14926,1
72141,0
54548,0
82328,0
70678,0
17818,0
25988,0
27863,0
11561,0
87730,0
67810,0
87528,0
93732,0
74440,0
26107,0
56730,0
62885,0
48878,0
55871,0
40907,0
17103,0
42912,0
75375,0
64965,0
91430,0
974,0
34757,0
27904,0
44806,0
55487,1
62685,0
78433,0
73518,0
10313,0
6415,0
93309,0
66894,0
32154,0
84795,0
84224,1
56780,0
79785,0
41421,0
190,0
27294,0
48115,0
51457,0
2607,0
12140,0
55854,0
19943,0
36801,1
3334,0
79260,0
18900,0
69419,0
7499,0
61753,0
62138,0
89448,0
22334,0
96762,0
19656,0
96010,0
56808,0
32712,0
72164,0
54111,1
66078,1
43665,1
92636,0
41613,0
65906,0
15672,0
73712,0
66249,0
66653,0
15479,0
23286,0
719,0
2359,1
32226,0
68730,0
63687,0
44164,0
28991,0
59441,0
36336,0
1889,0
92215,1
95876,0
3273,0
60983,0
32599,0
86651,0
1012,0
84206,0
33007,0
21547,0
96263,0
64844,0
57877,0
30153,0
82871,0
89930,0
68882,0
39635,0
39538,0
71240,0
67921,1
58605,0
40478,0
96055,0
23181,0
55264,0
55811,0
85458,0
26886,0
50949,0
24606,0
41210,0
4577,0
96610,0
8438,1
7369,0
76450,0
33750,0
72764,1
85446,0
23993,0
38311,0
62061,0
32787,0
72747,0
6070,0
44399,1
54704,0
73318,0
93799,0
88331,0
9493,0
35228,0
38969,0
252,0
50305,0
46206,0
74389,1
63486,0
46398,0
51832,0
61184,1
35386,0
12483,1
57304,0
44023,0
23431,0
76378,0
17876,1
18206,0
69165,0
18919,0
77944,0
76230,0
3824,0
94441,0
39625,0
35033,0
88522,0
74526,0
36216,0
55005,0
34808,0
5601,0
14986,0
62845,0
75212,1
88356,0
42273,0
78362,0
65864,0
14262,1
91573,0
30479,0
14807,0
56574,0
56137,0
17394,0
51024,0
51061,1
78542,0
6689,0
27911,0
59613,0
57170,0
16248,0
56074,1
59250,0
21336,0
48152,0
22385,0
30161,0
91853,0
84938,0
44321,0
22338,0
11681,1
53041,0
83843,0
26025,1
74442,0
44870,0
29059,0
86358,0
49854,0
37135,0
33362,0
79942,0
57781,0
17153,0
25004,0
79947,0
18814,0
43671,1
53881,0
25616,0
19166,1
31747,0
71573,0
6521,0
35846,0
32590,0
8002,0
90559,0
91472,0
39828,0
79916,0
30149,0
56429,0
27364,0
8533,0
78840,0
84803,0
12105,0
60020,0
15728,1
21037,0
12694,0
96834,0
33644,0
56945,0
50171,0
6195,0
8747,0
45470,0
89508,1
28213,0
45506,0
25998,0
88215,0
56364,0
93185,0
19843,0
29467,0
49601,0
44528,0
8237,0
68569,0
55562,0
16738,0
82373,0
18628,0
10382,0
66532,0
2297,0
13105,0
91245,0
48536,1
12576,0
94216,0
45401,1
3553,0
31900,0
31942,0
13491,0
40642,0
77171,0
22095,0
80588,0
62345,1
1568,0
37733,0
86480,0
61382,0
51839,0
82035,0
36711,0
883,0
7829,0
41103,0
69608,0
35281,0
18223,0
58702,0
31050,0
86256,0
54693,0
76973,0
1740,0
76183,0
77963,0
27741,0
86320,1
12258,0
19883,0
20469,0
36675,0
70846,0
96087,0
88833,0
21536,0
29611,0
46039,0
52756,0
50492,0
46587,0
66372,0
40695,0
13374,0
79385,0
95156,0
66232,0
93429,0
51328,0
52448,0
13012,0
45652,0
52531,0
17468,0
66466,0
60765,0
4978,0
7944,0
71963,0
36969,0
82976,0
14168,0
44714,1
92600,0
75667,0
21946,0
81604,0
9316,0
44414,0
40289,0
19187,0
90013,0
52784,0
34117,0
74146,0
11811,0
58953,0
76210,0
72257,0
49961,1
28972,0
44445,0
22971,1
75663,0
90536,0
28062,1
1510,0
55408,0
45668,0
61923,1
80182,0
39988,0
21143,1
82854,0
92497,0
77287,1
25885,0
89056,0
35923,0
38398,0
90421,0
65523,0
16517,0
43383,0
16588,0
33101,0
59701,0
15859,1
37690,0
82519,0
52135,0
75241,0
50202,0
22656,0
49890,0
90363,0
66024,0
28196,0
3140,0
45739,0
2058,0
54902,0
16791,0
42628,0
29074,1
4843,0
73820,0
24257,0
29284,0
77975,0
27038,0
43355,0
37705,0
86750,0
27401,0
67098,0
96881,0
57200,0
85747,0
83324,0
37091,0
11700,0
71211,0
91183,0
18564,0
25649,0
15467,0
61218,0
65340,0
67520,1
45058,0
48112,0
8006,0
2307,0
76627,0
52078,0
96084,0
71193,0
88490,0
75507,0
58284,0
60077,0
67207,0
88496,0
46072,0
92437,0
95346,0
76347,0
4922,0
58779,0
34177,0
67573,0
63323,0
54614,0
86915,0
8709,0
86539,0
82307,0
83918,0
12959,0
71454,0
33247,0
71810,0
15607,0
74266,0
3365,0
73023,0
85925,0
34788,0
76274,0
92282,0
49384,0
34269,0
26669,0
81448,0
96757,0
36740,0
20745,0
95895,1
26152,0
89346,0
84931,0
36384,0
67257,0
21106,0
57982,0
75574,0
1775,0
64695,0
30703,0
44290,0
16397,1
14545,0
13647,0
90125,0
4033,0
28002,0
54295,0
38218,0
60407,0
30055,0
33919,0
79768,0
29911,0
14025,0
16680,0
50589,0
45591,0
10015,0
77514,0
6807,1
51879,0
49596,1
70034,0
92516,0
76428,0
72433,0
35273,0
38490,0
19102,0
37545,0
73995,0
9989,0
35301,0
13007,0
43931,0
78704,0
31467,0
78070,0
18099,0
81876,0
80044,1
73587,0
3075,0
86166,0
95359,0
21623,0
7600,1
89269,1
77592,0
620,0
21697,0
3373,0
85412,0
50643,0
85150,0
23192,0
64913,0
16753,0
6917,0
6355,0
79550,0
428,0
78560,0
96946,0
60090,0
17277,0
81814,0
54699,0
56428,0
38745,0
19747,0
402,0
24353,1
18726,0
76298,0
19615,0
58034,0
89733,0
54165,0
5029,0
22037,1
32329,0
22368,0
42752,0
74957,0
27866,0
1046,0
89833,0
57108,0
15543,0
43793,1
50797,0
42129,0
89055,0
28860,0
30642,0
69502,0
65617,0
87057,0
47031,0
35812,0
72724,0
93621,1
94191,0
54126,1
61444,1
10516,0
42136,0
33291,0
36016,0
83774,0
51440,0
15191,0
64318,0
64070,0
68140,0
19633,0
44196,0
73551,0
23475,0
47343,0
38610,0
1946,0
81030,0
14020,0
49483,0
48950,0
26749,0
79292,0
24210,0
71065,0
96175,0
24954,0
26825,0
87779,0
2407,0
60207,0
56535,0
8735,0
43289,0
33159,0
62713,0
40684,0
66119,0
52320,1
93857,0
45704,0
9208,0
49942,0
47209,0
48621,0
20483,0
32518,0
30810,0
32408,0
14410,0
97026,0
7623,0
12062,0
27840,0
64298,0
79677,0
89734,0
30863,0
46380,0
72408,0
53704,0
69378,0
70809,0
1657,0
17841,0
44858,0
53589,0
25064,0
71864,0
76377,0
66729,0
68715,0
35240,0
50807,0
68491,0
57663,1
64364,0
53308,0
47187,0
26112,0
12270,0
5837,0
46844,0
41472,0
2176,0
54556,0
11586,0
34353,0
70437,0
31532,0
91613,0
66985,0
59449,0
17181,0
11746,0
39181,1
2127,1
37859,0
52804,0
7827,0
82284,0
75946,0
84613,0
36471,0
35643,0
84646,0
59624,1
60982,0
55118,0
49531,0
74,0
39211,0
38255,0
54254,0
17934,1
56762,0
63033,0
49959,0
96133,1
33619,0
4089,0
80547,0
14883,0
79659,1
82330,0
74891,0
623,1
58971,0
94698,0
36635,0
69201,0
89915,0
92956,0
31436,0
93901,0
15478,0
10702,0
41150,0
60702,0
39468,0
91027,0
40305,0
20191,0
29076,0
73938,0
61290,0
11807,1
78901,0
11751,0
61729,1
95415,0
62957,0
93319,0
79064,0
86375,0
81217,0
18944,0
515,0
16265,0
3493,0
34975,0
25431,0
44011,0
62966,0
36577,0
10980,0
96609,0
36756,0
16201,1
2712,0
40468,0
6494,0
31867,0
4358,0
47713,0
35745,0
74411,1
73283,0
41751,0
2004,0
16949,0
49831,0
36378,0
14403,0
51508,0
97169,0
11069,1
11691,0
80038,0
57594,0
41581,0
24937,0
18410,0
17453,0
75251,0
153,0
67643,0
32439,0
65021,0
70377,0
83656,0
60438,0
39291,0
24179,0
78630,0
58810,0
85165,0
30702,0
40268,0
27469,0
55662,0
45224,1
60478,1
22424,0
34001,1
3948,0
13420,0
74702,0
80509,1
27848,0
52692,0
65075,0
14508,0
47601,0
11251,0
28950,0
24224,1
11911,1
95682,0
31136,0
92122,0
63741,1
90883,0
26070,0
78902,0
95446,0
38550,0
26765,0
45149,0
61086,0
46012,0
61724,0
57309,0
17972,0
71033,0
97208,0
24614,0
37405,0
38343,0
56011,0
72045,0
43374,0
50609,0
61458,0
21294,0
79765,0
65682,0
72625,0
89818,0
57885,0
97017,0
49209,0
15860,0
85076,0
62155,0
73498,0
67005,0
51992,0
72261,0
76625,0
82947,0
20357,0
24436,0
7507,0
94940,1
81767,0
44267,0
69629,0
44394,0
92283,1
61712,1
28796,0
71815,0
1429,0
65984,0
43127,0
5899,0
38636,0
58169,1
16807,0
50946,0
46582,0
46272,0
93579,0
49199,0
28504,0
73454,0
54428,0
78189,0
51475,0
70071,0
83627,0
93908,0
26456,0
47114,0
33340,0
15005,0
86689,0
63975,0
43850,0
81202,0
71779,1
14276,0
69483,0
73961,0
34670,1
76620,0
49776,0
73119,0
31173,0
63969,0
24942,0
49240,0
63637,0
25194,0
71833,0
25851,0
40837,0
37974,0
11878,0
93576,0
41017,0
52746,0
11581,0
84000,0
75705,0
95355,0
38951,0
22460,0
94078,0
27034,0
59659,0
43535,0
75588,0
55443,0
37427,0
56786,0
5200,0
54706,0
40991,0
85085,0
77007,0
50579,0
47654,0
57942,0
55093,1
74562,0
2121,0
61456,0
42854,0
24592,0
96574,0
11177,0
9766,0
36565,0
77161,0
85168,0
7472,0
31577,0
57944,0
10533,0
86328,0
37573,0
21370,0
36796,0
38159,1
17529,0
30771,0
96179,0
92261,0
87882,0
83479,0
43487,0
31244,0
14665,1
2791,0
24856,0
86666,0
5503,0
88023,1
26593,1
32907,0
32348,0
54604,0
93618,0
46742,0
83603,0
64602,1
57537,0
65109,0
67717,0
65660,0
94451,0
37063,0
35835,0
29792,0
90614,0
73506,0
49192,0
71388,0
38897,0
2698,0
2187,0
70902,0
43626,0
33662,0
71149,0
77877,0
38830,0
91117,0
55078,1
791,0
38562,0
26294,0
90907,1
80209,0
56688,0
1683,0
41809,0
13548,0
49214,0
682,0
91868,0
96581,0
24655,0
6776,0
93395,0
79935,0
93608,0
25731,0
41145,0
42989,0
90828,0
35690,0
27159,0
7871,0
16008,0
29827,1
9863,0
20753,0
11932,0
90558,0
53432,0
84,1
66037,0
44207,0
20453,0
96395,0
74439,0
36025,0
47905,0
46094,0
37791,0
28716,1
85664,0
66742,0
3414,0
20930,1
41684,0
53012,0
3742,0
26905,0
87930,0
95360,0
31342,0
60638,0
151,0
11729,0
77763,0
69772,0
78535,0
39790,0
89321,0
12173,0
65593,0
87448,1
50765,0
50485,0
83917,0
1454,0
21608,0
55154,0
32876,1
40530,0
84581,0
48526,1
69318,0
80167,0
94662,1
59461,0
85791,0
90292,0
47138,0
97155,0
81854,0
74349,0
96326,0
47177,0
67455,0
67282,0
21868,0
56759,0
56896,0
10078,0
12232,0
92431,0
65522,0
58923,0
58314,0
1241,0
59497,0
38034,0
80364,0
42000,0
21957,0
55627,0
16508,0
17149,1
37731,0
49685,0
31322,0
8553,0
2139,0
66403,0
54155,0
76756,0
2070,1
68365,0
57231,0
10053,0
3710,0
10395,0
49048,0
31469,0
21776,0
59894,0
36380,0
83944,0
23585,0
24384,0
48287,0
47210,0
37045,0
81232,0
18655,0
25013,0
89692,0
5554,0
81443,0
93775,0
73870,0
23609,1
81566,0
35744,0
63576,0
13042,0
67020,0
32368,0
82201,0
32013,1
32874,0
22058,0
68629,1
74163,1
14139,0
16711,0
22715,0
9459,0
18137,0
739,0
27517,0
53511,1
6588,0
29424,0
23594,0
74078,0
59713,0
88147,0
49246,0
28211,0
72090,0
80253,0
1231,0
7706,0
76806,0
20958,0
44557,0
38016,0
61362,0
65102,0
10320,0
93400,0
1698,0
41792,1
65051,0
67972,0
36525,1
83614,0
38707,0
84266,0
94199,1
9510,0
49876,0
43674,0
12225,0
74835,0
35648,0
81609,0
54761,0
36252,0
94435,1
73986,0
46601,0
90169,0
51886,0
79735,0
38858,0
85551,0
85625,0
55456,0
69153,0
12579,0
27756,0
58911,0
56893,0
79919,0
25168,0
29778,0
39571,1
32078,0
85376,0
50348,0
46860,0
73605,0
85368,0
40272,0
63005,0
86249,0
85762,1
61995,0
96474,0
60070,0
3481,0
68708,0
30105,0
12392,0
31447,0
48319,0
13572,0
68541,0
13875,0
13996,0
68987,0
25545,0
54645,0
97248,0
74276,0
71159,0
55172,0
58100,0
1982,0
95459,1
14143,0
42021,0
764,0
16381,0
14430,0
68385,0
71966,0
56583,0
584,0
52169,0
19221,0
59814,1
69963,0
1621,0
18533,0
92947,0
15259,0
30327,0
73231,0
46597,0
9574,0
23966,1
4392,0
93102,0
36292,0
12681,0
10302,0
21614,0
52155,0
52585,0
20433,0
12068,0
21236,0
37585,1
14001,0
76313,0
88062,0
62464,0
93867,0
43337,0
70405,0
69016,0
18222,0
61624,0
4707,0
48569,0
85296,0
61532,0
43024,0
48713,0
15686,0
80965,0
67964,0
70812,0
43853,1
92021,0
82573,0
71132,0
76395,0
7095,0
14867,0
43416,1
19198,0
83645,0
49722,0
35158,0
25325,0
37636,0
82859,0
90832,0
40045,0
87700,0
65550,1
60185,0
53586,0
86524,0
25324,0
75387,0
81321,0
29411,0
67072,0
70895,0
93064,0
49921,0
51448,0
53783,0
83162,0
4077,0
16785,0
68111,0
88872,0
55348,0
8838,0
90687,0
90191,0
35305,0
51228,0
57989,0
91044,0
58859,1
25037,0
91999,0
2671,0
21347,0
11017,1
16963,0
81288,0
24130,0
25471,1
18666,0
58437,0
53766,0
69175,0
87694,0
65531,0
92279,0
90402,0
59566,0
29818,0
50462,0
13732,0
58900,0
95521,0
1685,0
27577,0
89248,1
66896,0
76453,0
37504,0
22903,0
14661,0
52597,0
61249,0
64827,0
59049,0
21781,0
42448,0
9564,0
90267,0
71507,0
16009,0
32883,0
80928,1
51771,0
17431,0
65876,0
55222,0
4048,0
69077,0
90681,0
70586,0
14136,0
4157,0
38531,0
20808,0
66614,0
61882,1
78728,0
66074,0
39355,1
11735,0
82792,0
13217,0
53378,0
72776,0
77733,0
81935,0
47880,0
14938,0
95573,0
6517,0
97065,0
96028,0
547,0
67879,0
47214,0
95464,0
35480,1
91071,0
92234,0
68819,0
47683,0
60477,0
73159,0
79574,0
81333,0
26800,0
92482,0
14698,0
83354,0
27665,0
38731,0
23439,0
61762,0
80774,0
11942,0
4226,0
69998,0
68855,1
78539,0
82943,0
56679,0
79688,0
23224,0
38271,0
57620,0
61947,0
55647,0
64052,1
28500,0
86074,0
96302,0
55711,0
18310,0
27007,0
74085,0
62367,0
11024,0
88666,0
80235,0
78324,0
94218,0
66023,0
88274,0
85612,0
55974,0
85690,0
69763,1
54138,0
89043,0
78182,0
28105,0
91212,0
90430,0
4320,0
26671,0
63135,0
68656,0
76915,0
51076,0
51376,0
60674,0
10418,0
90043,0
22574,0
78382,0
80411,0
41431,0
81700,0
30507,0
62191,0
80634,0
67201,0
8931,0
65652,0
27724,0
68010,0
85980,0
85873,1
54017,0
74817,1
27479,0
72356,0
72439,0
87218,1
30219,0
33171,0
12862,0
74928,0
32370,0
33638,0
42659,0
9353,0
81894,0
54587,0
29854,0
20223,1
57719,0
9861,0
81716,0
26450,0
41233,0
64434,0
50072,0
69420,0
51041,0
44025,0
56190,0
1364,0
72814,0
38948,1
82916,0
15767,0
41269,1
31313,0
96402,0
68914,0
82377,0
59025,0
81715,0
94600,0
15388,0
73667,0
42181,0
52467,0
61457,0
17034,1
13195,0
53207,0
33577,0
54647,0
52093,1
20328,1
6445,0
16561,0
45546,0
61159,0
30289,0
1816,0
79943,0
89738,0
11813,1
87253,0
23270,0
3073,0
24141,0
55313,0
73176,0
37522,0
47434,0
13503,0
12639,0
82723,0
87749,0
13300,0
17462,0
91394,0
73076,0
78240,0
43459,1
94438,0
33907,0
63852,0
37767,0
71526,0
54005,0
32610,1
71961,0
22761,0
39566,0
78009,0
17052,1
34315,0
17603,0
86072,1
33218,0
19616,0
74330,0
38277,0
82202,0
90412,0
71681,0
77157,0
96099,0
77530,0
92311,0
44456,1
81505,0
82693,0
5550,0
80984,0
78867,0
83704,1
64456,0
72546,0
79658,0
17110,0
12802,0
44727,0
85025,0
6572,0
65221,0
94644,0
54845,0
22517,0
75888,0
83648,0
89538,0
73580,0
71328,0
29410,0
71511,0
39032,0
43371,0
82872,0
12720,0
93664,0
17212,0
21279,0
31853,0
25909,0
77951,0
42721,0
1507,0
82613,0
18118,0
47247,0
60663,0
24648,0
62915,0
79681,0
25638,0
25791,0
6352,0
23721,0
14181,0
8984,0
86183,0
88992,0
86588,0
1060,0
19710,0
87392,0
42059,0
34604,0
57452,0
92832,0
33948,0
3569,0
52127,0
11342,0
95731,0
21352,0
30517,0
649,0
65869,1
83017,0
34074,1
92826,0
84625,0
44637,1
83501,0
81691,0
96007,0
55869,0
28718,0
26255,0
80695,0
50486,0
72024,0
33729,0
48084,0
32984,1
66043,0
13233,0
1323,0
96022,0
15666,0
23971,0
12599,1
1473,0
2117,0
89471,1
47354,0
66726,1
63457,0
83388,0
1605,0
73486,0
34529,0
29454,0
34730,0
92130,0
83945,0
2397,0
21567,0
91972,1
2802,0
4822,0
86762,0
88543,1
93036,0
53897,0
64341,0
79685,0
25699,0
23196,0
29349,0
67869,0
5473,0
3376,0
72473,0
21553,0
44140,0
89344,0
31256,0
1248,1
23129,0
71884,0
5422,0
10708,0
3582,1
68451,0
76444,0
96868,0
46634,0
90529,0
7000,0
83696,1
90661,0
53877,0
89053,0
94907,0
94027,0
70832,1
22358,0
13458,0
39363,0
50847,0
41918,0
27262,0
13810,0
79298,0
9994,0
86912,1
43335,1
62234,0
94094,0
70871,0
7338,0
41090,0
15985,0
96584,0
43721,0
21222,0
86303,0
84255,0
7879,0
80376,0
44704,0
11498,0
20877,0
20955,0
53672,0
40975,0
75208,0
19165,0
57136,0
90715,0
28994,0
19863,1
78206,0
22826,0
14619,0
40374,0
37230,0
9862,0
96862,0
15480,0
54038,0
86882,0
51522,0
64008,0
85054,0
50299,0
54898,0
59849,0
4408,1
30392,0
28060,0
76254,0
76458,0
77295,0
57920,0
44950,0
35593,0
16769,0
71774,0
89637,0
82918,0
31671,0
42486,0
49857,0
54171,0
49374,0
90207,0
4765,0
51743,0
40707,0
29347,0
45663,0
41822,0
72475,0
3911,0
17068,0
73343,0
30869,1
2785,0
62808,0
70094,0
56871,0
49439,1
31115,0
83169,0
19934,1
24813,0
22920,0
56831,0
68308,0
91091,0
56516,0
13556,0
65063,0
45449,0
57966,0
47454,0
12307,0
30816,1
72499,0
20303,0
2652,0
28433,1
74491,0
80113,0
65972,0
14964,0
53690,0
78896,0
64850,0
80562,0
46135,1
95599,0
13411,1
46963,0
25860,0
96637,0
88085,0
76220,0
2328,0
6244,0
25080,0
71139,0
75698,0
54397,0
28444,0
42830,0
61972,0
13840,0
4819,0
86064,0
5948,0
35505,1
28338,0
8919,0
71651,0
29219,0
14589,0
14916,0
71744,1
84142,0
80655,0
31047,0
56850,0
51599,1
12139,0
397,0
92105,0
94304,0
66745,0
77537,0
56097,0
45640,0
14407,0
45321,0
66613,0
81506,0
92499,0
70045,0
33035,0
21526,0
90970,0
35795,0
31608,0
50961,0
26196,0
40288,0
80409,0
62778,0
56123,0
72483,0
12939,0
30861,0
58090,0
51352,0
26793,0
18706,0
94625,0
4180,0
83307,0
46285,0
23851,0
32268,0
45261,0
61466,0
47443,1
80681,0
81081,0
28476,0
96789,0
57213,0
37778,0
86255,1
48982,0
61129,0
43103,0
46131,0
33423,0
57262,0
62082,0
37529,0
27550,0
1607,0
89099,0
94489,0
23545,0
17650,0
76338,0
35656,0
49971,0
68934,0
14177,0
37886,0
34908,0
19349,0
57619,0
8552,0
74952,0
71486,0
55387,0
57604,0
81219,1
60344,1
53010,0
96793,1
11784,1
49798,0
54578,0
45522,0
2230,0
97080,0
77529,0
80768,0
22831,0
71308,0
89258,1
71192,0
24890,0
96700,1
21392,0
8529,0
36724,0
2575,0
66662,0
6028,0
18644,0
50292,0
73571,0
50253,0
44731,0
84477,0
6192,0
83389,0
10044,0
52939,0
34428,0
20078,0
93114,0
9479,0
60230,0
31988,1
31354,0
19673,0
20768,0
88153,0
29809,0
13010,1
35257,0
29561,0
76602,0
65328,0
84278,0
64042,0
53901,0
53990,0
29201,0
76132,0
29155,0
23759,0
27806,0
72737,0
40366,0
54740,0
84280,0
61545,1
80544,1
69512,0
14324,0
53714,0
87078,0
48195,1
62611,0
82279,0
43921,0
47678,0
28202,0
30737,0
76480,0
7387,0
38404,0
21681,0
53827,0
39077,0
26040,0
71605,0
63675,0
28075,0
24782,0
39330,0
22991,0
12879,1
38432,0
47368,0
34392,0
10026,0
33458,0
24201,0
37586,0
51432,0
95681,0
26356,0
29743,0
1365,1
34878,0
27459,0
60033,0
25408,1
58894,0
66882,0
8505,0
8159,0
93695,0
308,0
20947,0
16854,1
6625,0
36230,0
47829,0
10009,0
73627,0
78291,0
20952,0
95333,0
51483,0
38881,0
58615,1
61821,0
73681,0
72137,0
65889,0
41569,0
32752,0
70132,0
7025,0
19480,0
35949,0
65327,0
73555,0
73153,0
27215,0
34631,0
15226,0
88100,0
68784,0
22172,0
84211,0
1375,0
58540,0
57563,0
75844,1
77378,1
73069,0
32111,0
10146,0
61052,0
20992,0
43314,0
28304,1
82126,0
23640,0
3960,0
780,0
71158,0
7329,0
93130,0
65835,0
54409,1
63300,0
57253,0
1441,0
9278,0
77597,0
12661,0
48370,0
81044,0
68843,0
8204,0
80224,0
7625,0
93424,0
90080,0
41337,0
56185,0
56793,0
13490,0
29825,0
12536,0
19790,1
11774,0
24117,0
89407,0
30498,0
11615,0
61555,0
52115,0
51283,0
38592,0
56386,0
47579,0
94478,0
45458,0
66862,0
53106,0
35063,0
75598,0
8564,0
71837,0
9696,0
94303,0
20867,0
9566,0
50259,0
83424,0
47306,0
9917,1
18484,0
1260,0
19176,0
16379,0
57580,0
58193,0
73088,0
5931,0
52878,0
29635,0
56327,0
25705,0
26199,0
13435,0
14441,0
1736,0
68265,0
92018,0
38349,0
40456,0
15909,0
52013,0
55391,0
49548,0
20547,0
46198,0
80172,0
55696,0
96299,0
6498,0
89024,0
4516,0
40363,0
59485,0
29353,0
57981,0
24255,0
25640,0
16390,0
61000,0
56463,0
37265,0
70111,0
25200,0
63918,0
9401,0
78167,0
84879,0
9317,0
54013,0
88981,0
87376,0
32700,0
74331,0
31412,0
12832,0
30030,0
74333,0
2947,0
34766,0
78221,0
67885,0
13059,1
53507,0
83928,0
59991,0
89688,0
1191,0
32228,0
76136,0
37813,0
19739,0
7216,0
34062,0
11986,0
9000,0
75935,0
33616,0
56960,0
45372,0
20945,0
91425,0
60711,0
42655,0
22929,0
12091,0
96876,0
28760,0
48550,0
88376,1
38606,0
94230,0
80078,0
92917,0
35549,0
39912,0
42044,0
73563,1
31693,0
23597,0
96754,0
2461,0
62780,0
76752,0
10566,0
34437,0
58944,0
3716,0
78166,0
72097,0
35948,1
8099,0
3552,1
60187,0
84138,0
79780,0
29582,0
7550,0
96788,0
80008,0
64928,0
12275,0
73752,0
8339,0
95959,0
84089,0
53386,0
88241,0
28897,0
90164,1
4811,0
42831,0
94561,0
59684,0
20104,0
65680,0
78285,0
5975,0
83590,0
30246,1
78948,0
77983,0
63792,0
65041,0
27764,0
55698,0
23550,0
21462,0
80706,0
81796,0
25867,0
68246,0
86119,0
10309,0
97181,0
67195,1
80556,0
38206,0
2964,0
62530,0
66349,0
4472,0
26303,0
8367,0
57349,0
48921,0
50222,0
61862,0
86218,0
76688,0
10067,0
43461,0
44449,0
38569,1
92578,1
88102,1
3625,0
69296,0
72721,0
67267,0
39935,0
93431,0
17524,0
91726,0
63217,1
13392,0
49771,0
35433,0
66801,0
69335,0
51118,0
89985,1
1926,0
95747,0
61959,0
79259,0
23203,0
25538,0
31109,0
28735,0
70590,0
80710,0
37651,0
34674,0
35446,1
31025,0
87780,0
69607,0
53328,0
78918,0
94316,0
96259,0
16580,0
19064,0
23697,0
37002,0
38093,0
87671,0
26216,0
71227,0
3264,0
38363,0
48229,0
88830,0
55440,0
6538,0
54871,0
6390,1
26771,0
78687,0
11943,0
32065,0
29216,1
54177,0
28809,0
5883,0
15894,0
7806,0
94541,0
19443,0
51337,0
77558,0
93706,0
23580,0
67947,0
91265,0
83829,0
14087,0
57829,0
17408,0
77932,0
54411,0
5245,0
73725,0
78178,0
26178,0
40749,0
73542,0
36105,0
33475,0
48988,0
20382,0
94292,0
33244,0
17955,0
37198,0
89039,0
10791,0
49757,0
23272,0
5211,0
36184,0
56979,0
61796,1
64339,0
19937,0
27379,0
81534,0
71002,0
38094,0
88655,0
9475,0
69501,0
48925,0
392,0
78099,0
25473,1
50549,0
91777,1
68582,0
7424,0
48340,0
68345,1
82727,0
86566,0
15684,1
19905,0
12825,0
30389,0
14061,0
41202,0
54684,1
65815,1
39079,0
63104,0
22223,0
40683,0
26913,0
92412,0
5116,0
30830,0
3159,0
37880,1
47170,0
80810,0
76371,1
52122,0
80142,0
41951,0
46164,0
21128,0
22766,0
12347,0
76910,0
92129,0
84996,0
94716,0
71273,1
24473,0
5889,0
60564,0
13604,0
42600,0
4083,0
42194,0
42289,0
7070,1
1172,1
82849,0
39202,0
64472,0
32057,0
30979,0
75800,0
30519,1
38634,0
15160,0
76037,0
64862,0
51717,0
64153,0
96200,1
44194,0
62508,0
95889,0
21858,0
4433,0
91763,0
51505,0
63039,0
20081,0
68406,0
76440,0
84288,0
50832,0
38706,0
95618,0
39830,0
96657,0
26882,0
41801,0
15674,0
3408,0
6714,0
58888,1
42701,0
53174,0
4487,0
35952,0
34967,0
2205,0
38484,0
82899,0
71280,0
28943,0
25466,0
3463,1
59993,0
24526,0
11664,0
55026,0
25535,0
46642,0
57355,0
81008,0
52637,0
25874,0
94355,0
539,0
33256,0
56802,0
54156,0
26518,0
62733,0
50933,0
94268,0
18055,0
92751,0
86153,0
55449,0
48231,0
19661,0
53038,0
54424,0
62557,0
40816,0
65599,0
65329,0
54758,0
36319,0
46041,0
72768,1
17933,0
30262,0
70108,0
21507,0
60464,0
57330,0
74808,0
61450,0
68167,0
5728,0
45526,0
95528,0
58622,0
86402,0
24663,0
75130,0
60520,0
29830,0
41556,1
80355,0
72446,0
71625,0
51889,1
89674,1
65371,0
68256,1
62786,0
87124,0
8601,0
45782,0
54085,0
57605,0
26578,0
44607,0
26072,0
76242,0
60570,0
34497,0
21165,0
70665,0
85417,0
7073,0
36180,0
49516,0
8543,0
10812,1
72792,0
93368,0
46927,0
50603,0
4623,0
45811,1
74459,0
67722,0
70723,0
93728,0
48665,0
58954,0
49114,0
74447,0
27061,1
2389,0
32186,0
69683,0
64845,0
18430,0
23806,0
57590,0
5749,0
93341,1
96268,0
29413,0
60109,0
32419,0
25868,0
36709,0
62596,1
81179,0
1540,0
18445,0
74933,1
50592,0
82743,0
18987,0
70664,1
70259,0
83096,0
77432,0
75860,0
36980,0
82801,0
26293,0
8605,0
77510,0
54347,1
40881,1
56299,0
93699,0
19891,1
87878,0
10361,0
40804,0
88494,1
53252,0
69202,0
62722,0
76986,0
88710,0
60649,0
87161,0
86463,0
56718,0
65638,0
47480,0
96313,0
60904,0
16993,0
30725,0
11187,0
37488,0
50378,0
35483,0
72873,0
82750,0
17585,0
45082,0
41418,0
35119,0
38629,0
82408,0
9918,0
42818,0
49720,0
44102,0
18009,0
48747,0
69773,0
60627,0
3533,0
17323,0
65173,1
32744,0
76829,0
91837,0
11950,0
17471,0
44866,0
59062,0
38593,1
19201,0
22413,0
44272,0
91352,0
19878,0
3239,0
89437,0
90837,0
61829,0
50502,0
657,1
12350,0
67043,0
28241,0
48651,0
88945,0
68266,0
88129,0
10743,0
59427,0
10150,0
336,0
78842,0
89563,0
31687,0
80749,0
18684,0
82010,0
75512,0
68994,0
55372,0
21836,0
17426,0
40798,0
81381,0
40923,0
8732,0
62653,0
65627,0
68230,0
38523,0
951,0
85032,0
18755,0
54311,0
73003,0
34692,0
18689,0
9305,1
82863,0
68586,0
2609,0
75132,0
50618,0
31829,0
94375,0
93360,0
72347,0
96594,0
18899,0
78619,0
20284,0
84626,0
92884,0
59393,0
44309,0
3959,0
36609,0
83662,0
90856,0
92116,0
36799,0
30956,1
87753,0
78533,0
87654,0
28488,0
68307,0
76028,0
23712,0
30529,0
93171,0
8668,0
77394,0
28832,0
72189,0
78494,1
75703,0
84105,0
53448,0
58236,0
5705,0
52327,0
62937,0
81958,0
17033,0
71462,0
24690,0
5595,0
93932,0
7429,0
38758,0
17835,0
75370,0
29393,0
61307,0
56389,0
14404,0
81998,0
47522,0
92151,0
37979,0
52594,0
51067,0
48264,0
69284,0
89616,1
93069,0
49924,0
6254,0
79348,0
12445,0
3162,0
83078,0
80764,1
62724,0
30150,0
88634,1
89126,0
26195,0
53045,0
9058,0
88302,0
90716,0
18066,0
12415,0
53632,1
66312,0
93923,0
1784,0
5881,0
85706,0
11884,0
46494,0
29455,0
88834,1
34667,0
95454,0
48202,0
83907,0
28604,0
13522,1
56689,0
32004,0
96674,0
44019,0
95483,0
91560,0
58344,0
68585,0
74038,0
50309,0
29309,0
51134,0
31636,0
89707,0
80447,0
41513,0
21420,0
12296,0
51915,0
42793,0
74596,0
14701,0
23025,0
322,0
95222,0
63186,0
2886,0
48851,0
19547,0
66230,0
14597,0
82896,0
2658,0
39589,0
28741,0
56117,0
24296,0
60294,1
9036,0
7936,0
80308,0
2480,0
93552,0
48521,0
65545,0
12325,1
37860,0
7863,0
83196,0
9962,0
27939,0
2051,0
32279,0
49611,0
25799,0
64991,0
37823,0
44568,0
61674,0
64964,0
85715,0
57280,0
52518,0
41444,0
17217,0
61935,0
40444,0
51943,0
49824,0
52090,0
29094,0
62499,0
60375,0
55755,0
95158,0
70835,0
87814,0
80189,0
58275,0
75529,0
26254,0
75694,0
94951,1
90006,0
13720,0
23184,0
2683,0
34516,1
16622,0
14481,0
61343,0
57356,0
74689,0
22697,0
39735,0
90729,0
27318,0
28601,0
14906,0
26767,0
43827,0
18340,0
67211,0
70742,0
47050,0
60217,0
34071,0
52216,0
83947,0
1666,0
10561,0
89330,0
22262,0
59008,0
13624,0
30699,0
34314,0
63335,0
31612,0
86087,0
27765,0
51608,0
87353,0
4079,0
95399,0
21338,0
6492,0
10064,0
27570,0
86822,0
37337,0
28577,0
90720,0
45480,1
22471,0
57476,0
61002,0
83537,0
24696,0
73325,0
92425,0
33066,0
38211,1
50272,0
51045,0
61122,0
95170,0
21718,0
59795,0
19131,0
64230,0
27715,0
22387,0
87931,0
34649,0
52138,0
87184,1
37564,0
27804,0
5882,0
14348,0
61050,0
92102,0
75198,0
61007,0
16306,0
21284,0
9323,0
8085,0
65513,0
11033,0
15547,0
17434,0
61198,0
81229,0
30805,0
17326,0
844,0
90398,0
9880,0
47881,0
24265,1
49769,0
12336,0
21761,0
2416,0
74663,0
54566,0
82447,0
39465,0
50562,0
29083,0
10288,0
89237,0
72890,0
61770,0
30241,0
48347,0
34424,0
81233,0
57779,0
7634,0
55401,0
21995,0
47795,0
54053,0
60452,0
6803,0
5702,1
29149,0
20394,0
36634,0
94860,0
9641,0
88463,0
62875,0
552,1
77493,0
69825,0
4044,0
48270,0
80370,0
48566,0
67565,0
79690,0
92563,0
90849,0
53731,0
20779,0
2881,0
5379,0
10562,0
90153,0
89945,0
73129,0
17058,0
83773,0
9775,0
11617,0
91232,0
88594,0
46971,0
64420,0
64326,0
6507,1
5947,0
78617,0
74226,0
64673,0
10075,0
70554,0
87646,0
8026,0
21521,0
87643,0
20863,0
14690,0
60115,0
66558,1
54264,0
19741,0
2975,0
83615,0
70781,0
73534,0
7836,1
88483,0
72805,0
29006,0
43934,0
26504,0
76712,1
61934,0
3968,0
82208,0
92275,0
93708,0
44078,0
89292,0
38812,0
56045,0
56640,0
78123,0
96764,0
42149,0
49694,0
23204,0
71127,0
30974,0
47896,0
52570,0
79109,0
72742,0
48014,0
11553,0
50657,0
74946,0
76068,0
22134,0
74664,1
30417,0
62809,1
42301,1
21492,0
84208,0
24834,0
24506,0
58917,0
87130,0
13455,0
64284,0
62909,0
25171,0
65259,0
19918,0
5686,0
45622,0
802,0
10692,0
54889,0
33145,1
12552,0
53080,0
19350,0
24112,0
55382,0
39631,0
46442,0
74495,0
96854,0
30123,0
35428,1
44974,0
49784,0
54537,0
20913,0
60593,0
74852,0
53687,0
77661,0
12128,0
22842,0
65039,0
16792,0
21516,0
90351,0
7464,0
26008,0
74941,0
90896,0
22992,0
16061,0
79886,0
43713,0
30303,0
87011,0
6963,0
75245,0
7036,0
14572,0
46752,1
42952,0
81966,0
6160,0
9508,1
54103,0
78675,0
58289,0
90280,0
39992,0
53085,0
31466,0
9689,0
90063,0
18201,0
55807,0
24035,0
38530,0
91952,0
11201,1
39324,0
86003,0
3160,0
6296,0
69806,0
40876,0
51819,0
75396,0
10895,0
50624,0
53199,0
64021,1
90831,0
4498,0
13964,0
94178,1
42062,0
79202,0
84773,0
4490,0
22415,0
73895,0
24157,0
38458,0
24145,0
59722,0
96571,0
36441,0
13119,0
52326,0
42144,0
69896,0
87557,0
91359,0
3922,0
68975,0
39833,0
45538,0
9673,0
44948,0
3333,0
57610,0
33513,0
71951,0
65230,0
17827,1
86455,0
90177,0
37663,0
8824,0
96742,0
64977,0
33014,0
52796,0
55947,0
50277,0
51810,0
8011,0
85342,0
79881,0
5775,0
25574,0
78504,0
54453,0
61212,0
45550,0
11892,0
90518,0
9167,0
76317,0
94554,0
26687,0
96221,0
23152,0
17233,0
60739,0
54873,0
61304,0
15028,0
46431,0
20360,0
62853,0
7451,0
86913,0
33705,0
8723,0
30109,0
32903,0
83010,0
30891,0
43446,0
13742,0
17322,0
16689,0
65536,0
6563,1
32745,0
21155,0
63708,0
70608,0
96340,0
48353,1
59664,0
28438,0
22780,0
47064,0
52150,0
69916,0
68009,0
63016,1
29880,1
6801,0
70283,0
38511,0
79669,0
85,0
45675,0
88315,0
13717,0
66594,0
78500,0
12497,0
71524,0
17194,0
3453,0
69225,0
92403,0
63304,0
77395,0
2386,0
92441,0
62524,0
45626,0
97007,0
3480,0
89822,0
93870,0
77033,0
52245,0
60809,0
54441,0
80327,0
54961,0
92874,0
59096,0
75222,0
52147,0
15548,0
17024,0
96719,0
18017,0
80144,0
79615,0
77096,0
46013,0
61286,0
49078,0
86670,0
54049,0
4072,0
58843,0
42649,0
43336,0
31124,0
64951,0
48064,0
10627,0
61039,1
61433,0
48225,0
10763,0
95460,0
46912,0
54868,0
81339,0
78354,0
72743,0
54023,0
41559,0
94984,0
42796,0
72555,0
24272,0
84214,1
29420,0
32999,0
16923,0
31820,0
40011,1
60580,0
8674,0
94015,0
18268,0
1328,0
38902,0
71137,0
47780,0
60535,0
4108,0
9050,0
4369,1
40392,0
18031,0
90122,0
57648,0
8240,0
33697,0
86359,0
30096,0
14513,0
67090,0
50828,0
23884,0
27930,0
60313,0
12565,0
18547,0
9469,0
43739,0
35450,0
6470,0
54487,0
82920,0
27037,0
41310,0
85063,0
57618,0
9584,0
31101,0
90663,1
47309,0
35907,1
48863,0
86132,0
18451,0
64638,0
9897,0
5035,0
44468,0
87933,0
6674,0
62200,0
47036,0
14442,0
83807,0
53940,0
18189,0
83217,0
5230,0
27181,0
71816,0
21990,0
87024,0
95658,1
53957,0
10724,0
79317,0
78453,1
58282,0
21445,0
11645,0
76633,0
34059,0
84354,0
68086,0
42115,0
1738,0
9981,0
95268,0
90547,0
62221,1
56242,0
43237,0
41931,0
31259,0
78969,0
9463,0
49071,0
84234,0
23544,0
1272,0
3025,0
63685,0
14070,0
48742,0
80528,0
25912,1
63133,0
73535,0
83314,0
27265,0
31604,0
51394,1
41512,0
4750,0
35625,0
27800,0
48318,0
83136,0
83091,0
20488,1
38166,0
40643,0
58030,0
92480,0
70788,0
88999,0
40252,0
69596,0
25372,0
62736,0
75682,0
93356,0
40394,0
12312,0
1247,0
82090,0
72298,0
8772,0
85444,0
86335,0
72739,0
74658,0
71425,0
61267,0
92804,0
37040,0
22899,0
14048,0
48331,0
10985,0
53960,0
29506,0
46372,0
67989,0
59883,0
43458,0
45065,0
7454,0
22616,0
15678,0
79155,0
37708,0
26407,0
26741,0
81192,0
56200,0
6380,0
66589,0
65966,0
87442,1
77353,0
53042,0
95981,0
51681,0
11989,1
66829,0
48226,0
12301,0
82970,0
9613,0
13798,0
84989,0
57749,0
1099,0
66744,0
60113,0
32718,0
8110,0
52023,0
20845,0
43060,0
446,0
44173,0
7461,0
92137,0
2773,0
61355,1
9125,0
74352,0
65334,0
80069,0
97171,0
83081,0
6055,0
91829,0
94543,0
59841,0
92539,0
53190,0
85710,0
62754,0
67863,1
16782,0
34912,0
23462,0
78528,0
47473,1
32909,0
29015,0
30367,1
84605,0
29391,0
7394,0
47172,0
36059,0
89816,0
69552,0
77475,0
90864,0
25935,0
77425,0
42019,0
12396,0
12463,1
71147,0
48994,1
4000,0
41146,0
30274,0
38788,0
14302,0
70911,0
44434,0
66552,0
67135,0
28987,0
26605,0
25929,0
65428,0
3624,0
57373,0
13126,0
10959,0
12248,1
4308,0
62902,1
59429,0
34342,0
91401,0
70841,0
95737,0
56107,0
47910,1
1800,0
76495,0
24999,0
57347,0
60322,0
27606,0
79056,0
11479,0
95330,0
39825,0
31255,0
31742,0
28944,0
62147,0
4124,0
40149,0
20837,0
33464,0
30615,0
54985,0
12242,0
91252,0
17692,0
31271,1
95111,0
93366,0
90618,0
7593,0
32142,0
74684,0
82133,0
37026,0
16078,0
39060,0
54988,0
13261,0
96552,0
91184,0
54900,0
9895,0
94609,0
50002,0
62065,0
61732,0
89927,0
42158,0
13221,0
63980,0
86470,0
40953,1
21003,1
2168,0
76687,0
89726,0
31055,0
24914,0
58404,0
15719,0
20196,0
19448,0
69315,0
72664,0
56855,0
34780,0
7032,0
36848,0
39424,0
70455,0
68402,1
23671,0
16654,0
92402,0
64805,0
21440,0
88211,0
28915,0
85518,0
53160,0
33667,0
87400,1
92073,0
24398,0
16881,0
50861,0
73020,0
17567,0
7031,0
46514,0
93946,0
29768,1
13994,0
74278,0
34172,0
13267,0
48030,0
60512,0
4600,0
87022,0
34560,0
47109,0
35135,0
97300,0
51179,0
59153,0
42100,0
93766,0
87769,0
55968,0
28982,0
54488,0
66737,0
11241,1
67536,0
52454,0
23241,0
51133,0
45457,0
54821,0
22150,0
34903,0
1167,0
51518,0
88179,0
88037,0
7008,0
7562,0
92817,0
24356,0
5356,0
49918,0
84360,0
54583,0
94684,0
76524,0
36950,0
57668,0
8128,0
78201,0
33227,0
95523,0
84827,0
78707,0
92834,0
84558,0
77212,0
96195,0
46425,0
88360,0
42783,0
6468,0
65503,0
35296,0
29944,0
18940,0
4531,0
54262,0
18673,0
37493,0
84819,0
37664,0
64506,0
31175,0
48687,0
82159,0
38861,0
52051,0
48010,0
42970,0
77790,0
75113,0
88041,0
26421,0
90339,0
30654,0
83163,1
32478,0
5358,0
14706,0
44708,0
29478,0
12359,0
77814,0
86844,0
76326,0
18280,0
10408,1
81687,0
87932,0
41725,0
25749,0
94185,0
9066,0
63330,0
71456,0
27015,0
29100,0
21843,0
11081,0
94188,0
14007,0
20647,0
68131,1
44058,0
43529,0
10837,0
64535,0
46652,0
13477,0
59740,1
37620,0
860,0
77886,0
50827,0
28709,0
36732,0
73609,0
65716,0
85086,0
3151,0
80109,0
64309,0
91076,0
35819,0
9037,0
66507,0
91929,0
46510,0
25307,0
83734,0
97247,1
73445,0
73148,0
56052,0
30885,0
46323,0
75593,0
41881,0
4979,0
91440,0
74748,1
87369,0
13285,0
47952,0
75153,0
29044,0
14609,0
11088,1
33783,0
6201,0
70887,1
64262,0
14636,0
15704,0
82793,0
5062,0
77011,0
79772,0
37401,0
60219,0
64248,0
52129,0
75659,1
95805,0
12097,0
66255,0
49835,1
96890,0
3108,0
82002,0
53129,0
2,0
39870,0
29327,0
68750,0
90692,0
58033,0
60078,0
64050,1
56041,0
71267,0
31827,1
350,0
90211,0
25123,0
80306,1
95890,0
8836,1
22776,0
30558,0
18500,0
68441,0
41864,0
38374,0
96843,0
3950,0
17660,0
81323,0
29518,0
16837,0
86710,0
85952,0
95602,0
68668,1
59377,0
85021,0
24214,0
76331,0
20267,0
69544,0
80444,0
8215,0
17361,0
21996,1
51674,0
29613,0
52812,0
28246,0
33204,0
3232,0
969,0
26513,1
40769,0
57825,0
68515,0
18179,0
88844,0
51368,0
51237,1
3938,0
47296,0
32728,0
45968,0
17246,0
39557,0
10138,0
29754,0
28660,0
7909,0
56874,0
87209,1
73252,0
1007,0
47743,0
89424,0
2079,0
12789,0
18442,0
36053,0
77781,0
93482,1
53339,0
32995,0
39667,0
964,0
82230,0
50902,0
37148,0
89846,0
42461,0
18961,0
10972,0
51860,0
39164,0
3549,0
19669,0
84476,0
70494,0
259,0
76329,0
84419,0
94850,0
32492,0
90539,1
23329,0
78609,0
74940,0
7582,1
45062,0
59960,0
56617,0
1396,0
62422,0
94195,0
28717,0
11971,0
30978,0
88223,0
3042,0
26065,0
34892,0
90734,1
42449,0
79903,0
75391,0
49049,0
17922,0
30883,0
43496,0
91651,0
84236,0
41780,1
88886,0
28787,0
405,0
68033,0
88864,1
41593,0
25368,0
37647,0
35156,0
67802,0
52751,0
18803,0
13511,0
64529,1
83733,1
37920,0
26652,0
60598,0
93256,0
27217,0
28644,0
36529,0
1538,0
1903,0
5568,0
96363,0
71004,0
42763,0
33522,0
88937,0
58936,0
44333,0
15141,0
82102,0
85663,0
48996,0
67881,0
27212,0
92109,1
73692,0
83505,0
97135,0
25312,0
28219,0
46575,0
39223,0
12642,0
61026,1
16934,0
25110,0
32563,0
21833,1
65921,0
44066,0
8117,0
21867,0
78114,0
5497,0
28750,0
4566,1
11357,0
10722,0
60779,0
36151,0
52559,0
46718,0
24933,0
28989,0
80792,0
2239,0
56062,0
54154,0
6221,0
58709,0
47754,0
80733,0
29728,0
63551,0
72648,0
2247,0
95853,0
46692,0
17649,0
71259,1
18079,0
48947,0
65579,1
95824,0
86165,0
81370,0
87339,0
28963,0
3972,0
11402,0
9858,0
24140,0
76569,0
19701,0
55939,0
30610,0
86215,0
82958,0
25760,1
48314,0
75351,1
70355,0
18538,0
52755,0
68617,0
2580,0
68547,0
9150,0
54899,1
59965,0
42547,0
68148,0
66774,0
19473,0
80034,0
17492,0
7108,0
21260,0
79113,0
23948,0
55234,0
36276,0
15803,0
2475,0
27817,0
23283,0
55069,0
46275,0
27635,0
5173,0
69918,0
6693,0
59022,0
20428,0
25395,0
63664,0
18595,0
63203,0
57050,0
14022,0
4096,0
2401,1
17275,0
80694,0
27813,0
61132,0
96366,0
86422,0
28457,0
2099,0
41659,0
36506,0
5691,0
78183,1
72919,1
86290,0
40885,0
33695,0
86461,0
97161,0
34617,0
50477,0
82756,0
59410,0
48288,0
48892,0
59072,0
87934,1
17304,1
77905,0
72177,0
1289,0
63743,0
46075,0
61731,0
8042,0
91215,0
76573,0
27335,0
38695,0
85203,0
41395,0
8025,0
72723,0
68864,0
85712,0
92457,0
63086,0
21063,0
16706,0
34142,0
22893,0
81302,0
22721,0
29476,0
89026,0
66795,0
82714,0
456,0
53641,0
77444,0
2807,0
39954,0
5163,0
49398,0
92747,0
39050,0
9532,0
17049,0
2149,0
26410,0
38862,0
19767,0
91586,0
72921,0
90129,0
23582,0
23995,0
86196,0
34447,0
59876,0
40568,0
44206,0
80630,0
4163,0
90719,1
68814,0
82311,0
6018,0
74698,0
72421,0
66555,0
81668,0
990,0
85131,0
91731,0
66241,0
82620,0
58583,0
37740,0
44825,0
64131,0
125,0
1435,0
76589,0
21848,0
91293,0
28505,0
60224,0
83965,0
85220,0
51211,0
39806,0
33585,0
5383,0
58190,0
73805,0
59300,0
67155,0
74922,0
85890,0
21710,0
79607,0
68646,0
92032,0
45489,0
24641,0
20554,0
39802,0
90048,0
79762,1
44460,0
76775,0
48744,0
96316,0
88572,0
79952,0
15495,0
41001,0
86881,0
80477,0
26412,0
58582,0
42438,0
56810,1
60835,0
77678,0
17516,0
14446,0
83863,0
49507,1
95036,0
16376,0
6212,0
95192,0
17662,0
3448,0
48393,0
65193,0
94890,0
371,0
72335,0
47275,0
15872,0
88283,0
76059,1
97097,0
28236,0
37512,0
12165,0
75899,0
59370,0
69894,0
41689,0
80816,0
31744,0
27709,0
48431,0
97066,1
46238,0
78712,0
86,1
7006,0
21318,0
10831,0
45507,0
15992,0
75294,0
3687,0
36282,0
34811,1
32715,0
21732,0
12346,0
82016,0
86922,0
2022,0
47786,0
26134,0
91041,0
71795,1
35834,0
4215,0
66603,1
41188,0
14608,1
54414,0
7726,0
39899,0
29694,0
73984,0
47738,0
93633,0
61477,0
4200,0
69200,0
8790,0
3023,0
67231,0
36314,0
72512,0
44552,0
37671,0
85682,0
89075,0
56925,0
74709,0
26487,0
77020,0
90337,0
65899,0
71136,0
3557,1
1684,0
55577,0
17254,0
12572,0
19897,0
86587,0
40117,0
23367,0
42121,0
15222,0
73822,0
78668,0
13017,0
3647,0
77331,0
37803,0
14632,0
52179,0
32101,0
38054,0
43688,0
66257,0
46809,0
7946,0
53141,0
9894,0
50957,0
24760,0
12188,0
85241,0
1957,0
87423,0
6639,0
72477,0
82291,0
62108,0
14773,0
42155,0
51421,0
82522,0
66284,0
67684,0
41765,0
23765,0
42505,0
30061,0
19357,0
95485,0
77803,0
24739,0
33121,0
1706,1
48598,0
61397,0
95971,0
42957,0
85098,0
53813,0
40690,0
29302,0
67162,0
77619,0
62871,0
69131,0
85866,0
70043,0
4325,0
10573,0
83278,1
72202,0
66958,0
56203,0
46534,0
96992,0
22401,0
56998,0
52031,0
40472,1
83563,0
57375,0
89518,0
87284,0
53609,0
58401,0
60699,0
30017,0
94389,0
90817,1
12069,0
9498,0
61574,0
82554,0
1130,1
85489,0
71409,0
61889,0
68053,0
20680,0
48745,0
21324,0
71045,0
31944,0
9380,1
12918,0
50851,0
68807,1
52108,0
66703,0
5175,0
77542,0
77409,0
85155,0
79554,0
1970,0
67480,0
90580,0
919,0
11470,0
39799,0
56654,0
94992,0
83224,0
23054,0
83200,0
51867,0
47023,1
83658,0
6412,0
55131,0
15696,1
45845,0
42901,0
41874,0
55964,1
69531,1
39938,0
14606,1
15662,0
22526,0
68952,0
65783,0
24964,0
73199,0
7374,0
3632,0
35877,0
39358,0
20439,0
40404,0
15413,0
47146,0
5527,0
56526,1
1036,0
6616,0
58466,0
43683,0
46002,0
28683,0
22635,0
86712,0
21335,0
88510,0
22173,1
20313,0
8291,0
48603,0
6392,0
96725,0
53001,0
96150,0
2716,0
80602,0
33304,0
20342,0
78249,0
37856,0
72376,0
51219,0
25208,0
75721,0
39864,0
84843,1
12549,0
36381,0
55444,0
91302,0
2973,0
15420,1
75567,0
84915,0
47800,0
7833,0
29573,0
71477,0
7308,0
8480,0
71912,0
64727,0
50749,0
86264,0
78407,0
45840,1
57551,1
58918,0
32010,0
29882,0
62771,0
76197,0
46480,0
16383,0
87683,0
51654,0
63538,0
82857,0
4882,0
20249,0
15961,0
17547,0
24578,0
85108,0
91970,0
54206,0
18888,0
34318,0
85813,0
96078,0
83381,0
47227,0
66010,0
37131,0
12086,0
87584,0
33049,0
86430,0
74914,0
42788,0
35262,0
80307,0
24299,0
51547,1
84386,1
12286,0
23236,0
6057,0
31784,0
8694,0
2770,0
8052,0
11428,0
66947,0
86010,0
88547,0
55827,0
6708,0
31521,0
179,0
74993,0
72662,0
24781,0
3854,0
60382,0
4946,0
56383,0
12416,0
8506,0
83555,0
59880,0
72205,1
24063,0
40594,0
75977,0
49067,0
89140,0
78795,0
41609,0
40657,0
60319,0
6614,0
29595,0
64379,1
77237,0
43463,1
27536,0
41762,0
49060,0
50097,0
67937,0
90470,0
78097,0
7491,1
59938,1
64734,0
10872,1
53778,0
40053,0
84455,0
83348,0
29932,0
22323,0
16532,0
41438,0
3138,0
21856,0
12936,1
14151,0
78922,0
74199,0
57514,0
69459,0
60385,0
68017,0
96924,0
9345,0
2355,0
10335,0
93284,0
14267,0
58155,0
13004,0
83642,0
92031,0
5572,0
9975,0
69474,1
15135,0
73981,0
70041,0
87109,0
33573,0
52757,0
1474,0
32951,0
59291,0
18532,0
48029,0
60961,0
68601,0
49815,0
88311,0
6734,0
82061,0
78024,0
4231,0
23579,0
47429,0
3675,0
20859,0
39317,0
74418,0
82189,0
23338,0
21615,0
27654,0
213,1
56842,0
82538,0
16879,1
49646,0
32096,0
26449,0
8160,0
631,0
96439,0
1427,0
94617,0
12060,0
17151,0
81739,1
19281,0
74470,0
94393,1
88804,0
33393,0
76533,0
62484,0
72516,0
32445,0
16099,0
13447,0
83402,0
22438,1
58581,0
27407,1
45285,0
46707,0
89406,0
83104,0
14514,0
31459,0
49304,1
93496,0
33207,1
87053,0
62910,0
1297,0
34584,0
55060,0
3058,0
23820,0
56645,1
42152,0
41003,0
91579,0
24405,0
27105,0
35011,0
25425,0
72818,0
29625,0
90491,0
88817,0
67317,1
51335,0
61820,1
48840,0
79178,0
25196,0
39724,0
30449,0
14768,0
88416,0
54444,0
74675,0
44161,0
58003,0
19799,1
56601,0
12328,0
63099,1
10836,1
61251,0
92897,0
40175,1
93920,0
45922,0
66738,0
9740,1
88580,0
34160,0
34112,0
47285,0
4407,0
16940,0
40847,0
27810,0
41770,0
36633,0
7037,0
37418,0
11941,0
9394,0
81731,0
84701,0
22802,0
56444,0
6279,0
43803,0
65389,0
3517,0
60499,0
11203,0
69492,0
28697,0
10717,0
39026,0
67351,0
69307,0
64089,0
15677,0
78066,1
7711,0
35809,0
84472,0
31948,0
76239,0
26459,0
24407,0
77320,0
14884,0
77582,0
40645,0
75067,0
41436,0
43546,0
50216,0
85484,0
45227,0
40405,0
21817,0
73168,0
7416,0
84409,1
38453,0
49053,1
237,0
37842,0
84363,0
21797,0
71698,0
28825,0
16298,0
14979,0
75815,0
78039,0
18125,0
9423,0
78851,0
92649,0
85836,0
45634,0
21898,0
34773,0
24917,0
49146,0
70708,0
66713,0
65658,0
76007,0
36786,0
22354,1
79127,0
25645,0
60874,0
66982,0
28315,0
69777,0
6110,0
77015,1
57042,0
80086,0
80230,0
26120,0
56064,0
23536,0
57533,0
26275,0
47417,0
68625,0
24730,0
87837,0
7219,0
6067,0
29305,0
21611,0
564,0
5181,0
44880,0
64667,0
58013,0
87335,0
26965,1
60431,0
68564,0
77246,0
1234,1
8341,0
93345,0
66479,1
55582,0
49520,0
91875,0
61550,0
38024,1
23044,0
35482,0
64075,0
29855,0
36742,0
49675,0
40669,0
65780,1
83292,0
48278,0
28822,0
52285,0
29540,0
88253,0
62303,0
36674,0
64354,0
50555,0
66963,0
78380,0
32259,0
29950,0
50229,0
52584,0
27484,0
55290,1
73048,0
95562,0
82561,0
23881,1
31413,0
66721,0
87006,0
2074,0
81388,0
40650,0
2887,0
95581,0
79647,0
67360,0
55826,0
36828,0
21483,0
12774,0
14204,0
16624,1
15094,0
80027,0
47030,0
50026,0
25463,0
40339,0
20298,0
12615,0
61430,0
9464,0
47810,0
62449,0
30746,0
7117,0
10148,0
59115,0
8162,0
50683,0
5887,1
88143,0
24380,0
21894,0
61024,0
77044,0
21308,0
17643,0
6026,0
75590,0
96393,0
31550,0
70404,1
80886,0
30074,1
27412,0
43154,1
83777,0
57291,0
25798,0
16555,0
50077,0
80392,0
369,0
74044,0
83414,0
24896,0
46351,0
34079,0
16616,0
66065,0
43606,0
11575,0
12588,0
9860,0
84777,0
69440,0
2246,0
738,0
14371,0
16384,0
93461,0
65468,0
81129,1
90066,0
37152,1
12341,0
37328,0
8489,0
87163,0
89011,0
7877,0
92299,0
25792,0
62170,0
62018,0
20020,0
19999,0
22569,0
58534,0
1731,0
44142,0
75150,0
62930,0
46223,0
36859,0
86507,0
17388,0
19375,0
79266,0
29724,0
84165,0
68796,1
53435,0
84979,0
96895,0
18020,0
36618,0
79033,0
90334,0
82364,0
45196,0
36058,0
83985,0
59605,1
48019,0
92742,0
69679,0
32762,1
30548,0
51760,0
63500,1
36071,0
63857,0
96512,0
30846,0
77085,0
79956,0
35633,0
91832,0
22250,0
38980,0
55308,0
41733,0
35193,1
97246,0
16281,0
11562,0
87784,0
79851,0
21624,0
21747,0
58243,1
96147,0
5555,0
95214,0
78708,0
19921,0
34819,0
79041,0
46552,0
35154,0
58587,0
43767,1
41220,0
96367,0
68118,0
74646,0
35468,1
72428,0
95524,0
75878,0
47570,0
31207,0
87627,0
40946,0
61483,0
59791,0
12577,0
47645,0
75996,0
78388,0
77250,0
20446,0
22431,0
14742,0
15569,0
30864,0
30525,0
84330,0
28889,0
5096,0
84806,1
48480,0
92815,0
61396,0
83672,0
12868,0
25989,0
79905,0
68726,0
34259,0
46521,1
4363,0
44452,0
20698,0
60555,0
54890,1
75591,0
26182,0
46959,0
25533,0
13252,0
12610,0
30634,0
57704,1
85805,0
6954,0
24599,0
78935,0
2209,0
13269,0
31946,1
69228,0
93953,0
28622,0
61803,0
70471,0
18048,0
15437,0
81784,0
44787,0
27308,0
25957,0
61765,0
93803,0
90242,0
12095,0
92557,0
88489,0
72313,1
35445,0
178,0
82488,0
14484,0
6424,0
72178,0
52549,0
20732,0
66227,0
918,0
66451,0
24590,0
7156,0
53527,0
940,0
40969,0
3563,0
25333,0
33385,0
89699,0
34022,0
44883,0
57646,0
55266,0
83998,0
83197,0
90938,0
60668,0
56231,0
6813,0
1106,0
37804,0
87614,0
76884,0
96434,0
42525,0
8786,1
44595,0
41530,0
92053,0
82904,0
6053,0
6229,0
84814,0
8840,0
87170,0
29914,1
66030,1
30379,0
12020,0
15096,0
32644,0
61659,0
38515,0
16760,0
37960,0
80943,0
21124,0
96929,0
61473,0
86022,0
35896,0
16694,0
5087,0
20972,0
63859,0
96933,0
39260,0
37850,0
54451,0
77240,0
86895,0
44467,0
56720,0
22530,0
18213,0
65224,0
64224,0
76482,0
32312,0
39038,0
42557,0
14899,0
43291,0
89190,0
41873,0
92170,0
53158,0
63273,0
19499,0
9670,1
3124,1
61149,0
2439,0
43474,0
22962,0
20291,0
314,0
52420,0
71167,0
91079,0
91926,0
16067,1
43787,0
54132,0
28959,0
71654,0
72877,0
37047,0
20503,0
53191,0
37223,0
58833,0
79184,0
9551,0
29651,0
72183,0
4491,1
15380,0
39668,0
89177,0
32657,0
3468,0
17765,1
84847,0
36685,0
54638,0
49037,0
171,0
6118,0
16549,0
11754,0
41542,0
82450,0
980,0
6014,0
40838,0
6854,0
93007,0
40304,0
68437,0
44964,0
55771,0
30189,0
83016,0
90616,0
18511,0
22947,0
66196,0
79961,0
68187,0
9721,0
75395,0
35960,0
58084,0
18168,0
6115,0
63781,0
68392,0
17746,0
8282,0
67335,0
44632,0
18893,0
82686,0
18417,0
72924,1
83132,0
79128,0
5249,0
93385,1
32471,0
94500,0
55428,0
6013,0
9151,0
80406,0
57967,0
34393,0
26473,0
52096,0
54723,0
45597,0
20618,0
50207,0
42426,1
22414,0
49167,0
80420,0
21936,1
81138,0
75444,0
21107,0
8706,0
7344,0
28029,0
26214,0
40841,0
6149,0
68479,0
69631,0
42295,0
51051,0
92089,0
15373,0
91106,0
82652,0
73310,0
64908,1
88894,0
94658,0
68873,0
61475,0
50958,0
35392,0
70449,0
12528,0
36855,0
75768,0
46651,0
29272,0
48464,0
12826,1
82344,0
72034,0
8610,0
64762,1
21291,0
28739,0
54753,0
14714,0
84218,0
92811,0
71359,0
23394,0
69812,0
54351,0
59626,0
9042,1
73384,0
38492,0
86656,0
42555,0
55958,0
63081,1
93632,0
57676,0
54002,0
86115,0
15024,0
60634,0
27054,0
84912,0
27875,0
64817,0
81608,1
43862,0
63105,0
41050,0
57394,0
51375,1
91924,0
84322,0
71679,0
2203,0
92152,0
74641,0
47659,0
39279,0
35509,0
22638,0
86812,0
43680,0
69023,0
80399,0
90356,0
765,0
14744,0
55112,0
90790,0
25274,0
33245,0
6058,0
54208,0
44122,0
61675,0
21272,0
87864,0
41414,0
61625,0
44771,0
70580,0
53130,0
39569,0
2087,0
10412,0
35404,0
12083,0
58486,0
66619,0
3734,0
32757,0
95509,0
17785,0
92471,0
88546,0
31227,0
9484,1
73371,0
49742,0
8141,1
59952,0
31595,0
20241,0
11350,0
13393,0
70704,0
16822,0
31245,0
48095,1
1158,0
88612,0
2754,0
32342,0
8783,0
88640,0
37734,0
52204,0
53166,0
67464,1
32288,0
16109,1
45794,0
17226,0
28452,0
61059,0
42987,0
91392,1
65810,0
82739,0
63,0
12017,0
13702,0
88614,0
31316,0
66410,0
84733,0
48952,0
54969,0
17533,0
55615,0
1856,1
22165,0
56939,0
81601,0
43020,0
60270,1
21897,0
95010,0
61485,0
61799,0
88453,0
23530,0
5813,0
23083,0
70190,1
79806,0
22117,0
75330,0
83962,0
48443,0
67171,0
21305,0
60951,0
81066,0
90495,0
75309,0
3618,0
27597,0
42578,0
90699,0
89997,0
8664,1
39254,0
11283,0
36744,0
214,0
21703,0
26701,0
45978,1
69450,0
16036,0
91043,1
81501,0
24681,0
18156,0
25843,0
50168,0
12235,0
19033,0
35016,0
11544,0
86353,0
58087,1
81591,1
9298,0
60134,0
42781,0
20337,0
30477,0
55162,0
33085,1
41523,0
30675,0
37728,0
92060,0
17648,1
5857,0
23512,0
35567,0
4311,0
16192,0
93041,0
81043,0
60812,0
66266,0
19647,0
32939,0
29619,0
18810,0
95175,0
49529,0
50991,0
94726,0
81215,0
76009,0
55829,1
52672,0
47577,0
44955,0
63610,0
28278,0
5763,1
63063,0
18672,0
41355,0
27465,1
94299,0
39580,0
78781,0
81187,0
59600,0
60542,0
67293,0
86362,0
5477,0
50274,0
31542,0
66590,0
8661,0
10128,0
33364,0
34126,0
25751,0
29530,0
56788,0
30336,0
11668,0
42016,0
3528,0
72793,0
95549,0
68740,0
39671,0
96180,0
8132,0
36355,0
41257,0
18528,0
42718,0
19070,0
76896,0
58215,0
57583,0
9774,0
61392,1
26869,1
78122,0
93162,0
35813,0
34433,1
43879,1
54999,0
84745,0
74836,0
77705,0
79427,0
36970,0
53263,0
57222,0
33726,0
31326,0
82222,0
65004,1
85600,0
30621,0
23411,0
92248,0
88829,0
58066,0
46720,0
81931,0
33438,0
32068,0
9529,0
70583,0
48018,0
20888,0
71340,0
26698,0
22650,0
71775,0
51779,0
92838,0
92766,0
85574,1
71242,0
96074,1
41471,1
91199,0
59486,1
7220,0
66876,0
92542,0
95526,0
58099,0
72515,0
74051,0
45279,0
28749,0
90943,0
16802,0
59785,0
8278,0
68450,0
32633,0
80197,0
89657,0
15164,0
63393,0
72889,0
39296,1
50777,0
18732,0
87025,0
38327,0
34319,0
88561,0
83760,0
18913,0
34398,0
5400,0
24798,0
48775,0
84563,0
21926,0
2304,0
85774,0
87058,0
32003,0
79138,0
94761,0
25802,0
43407,0
14436,0
83460,0
26947,0
66237,0
49853,1
50331,0
66684,0
83299,0
30784,0
58461,0
5172,0
23476,0
51763,0
11426,0
46140,0
13287,0
59945,0
15264,0
42057,0
80644,0
9471,0
83540,0
82972,0
62294,1
88613,0
30844,0
44773,0
50401,0
55108,0
49512,0
10275,0
31151,0
31634,0
47453,0
64570,0
31883,1
74124,0
19254,1
17173,0
6824,0
28793,0
27770,0
31427,0
41702,0
26143,0
67420,0
23171,0
33830,0
52783,0
39572,1
44757,0
10416,0
46805,0
53815,0
66571,0
12452,0
96027,0
83059,0
56308,0
23982,0
2690,0
20743,0
84107,0
45128,0
22468,0
18591,0
64179,0
81184,0
42559,0
1572,0
16438,0
65883,0
47811,0
65145,0
22632,0
94607,0
63838,0
15312,0
83046,0
27402,0
82385,0
74924,0
77461,0
64190,0
12921,0
92418,0
25624,0
13008,0
90313,0
8088,0
83939,0
97263,0
37321,0
39676,0
52408,0
39579,0
24548,0
28156,0
46173,0
22472,0
82876,0
61496,0
19008,0
4493,0
65156,0
23943,0
46545,0
1109,0
39306,0
40948,0
44780,0
66583,0
46068,0
44753,0
67088,1
63803,0
4030,0
43101,1
23067,0
85837,0
83677,0
48716,0
54355,1
28818,0
82382,0
48937,0
9262,0
77430,0
94965,0
31429,0
63064,0
80513,0
43610,0
9476,0
67971,0
35749,1
42869,0
15668,0
33313,0
25589,0
33641,0
8061,0
76709,0
77568,0
7030,0
82884,0
84337,1
37704,0
53905,0
15188,0
27746,0
12596,0
24410,0
60195,0
85418,0
68,0
62209,0
10246,0
47939,0
70000,0
11278,0
84499,0
38011,0
69950,0
65448,0
92821,0
11541,0
23913,0
36073,0
47366,0
51112,0
47734,0
7392,0
67060,0
65995,0
41778,0
62360,0
49387,0
62665,0
59037,0
74445,0
4962,0
2853,0
35141,0
34929,0
53514,0
42492,1
11933,0
20354,0
86613,0
5894,0
68379,0
73653,0
83105,0
9827,0
29221,0
89782,0
93903,0
91547,0
11740,0
16910,0
89630,1
8711,0
4295,0
78920,0
25732,0
48155,0
77574,1
3750,0
69265,0
33425,0
27236,0
69331,0
96305,0
34096,0
17633,0
9660,0
33072,0
37552,0
6896,0
26067,0
658,0
49524,0
50146,0
65250,0
50081,0
31366,0
46100,0
50928,0
79799,0
75526,0
51838,0
67473,0
42738,0
62427,1
34684,0
71405,0
94265,0
93110,0
22146,0
86147,0
21917,0
83242,0
53309,0
71268,0
90779,0
10290,0
74172,0
35695,0
80277,0
61553,0
92841,0
19435,0
32,0
42017,0
2559,0
37559,1
59692,0
9719,0
76556,0
67687,0
20662,0
91365,0
40703,0
78750,0
67892,0
84415,0
47484,0
96656,0
66924,0
76605,0
35607,0
42868,0
20848,0
77303,0
58797,0
14813,1
19763,0
30704,0
229,0
66920,0
18008,0
81842,1
67346,0
3779,0
97132,0
31272,0
29089,0
84781,0
94284,0
81895,0
74415,0
65992,0
73263,1
93898,0
94943,0
11097,0
91675,0
59903,0
12294,0
83961,0
4100,0
1917,0
53516,0
1593,1
94818,0
23953,0
87906,0
32134,0
13077,0
85493,0
14465,0
90397,0
85451,0
25488,0
56392,0
6973,0
56890,0
58886,0
67330,0
67689,0
39981,0
7380,0
63279,0
38630,0
72341,0
55464,0
59097,0
84584,0
60502,0
91228,0
88665,0
23477,0
87712,0
41158,0
17986,1
7316,0
32918,0
59512,0
40933,0
23725,0
87426,0
31866,0
83952,0
4141,0
89687,0
55891,0
53978,0
51663,1
35187,0
95749,0
32427,0
37197,0
74277,0
43266,0
61292,0
61236,0
54335,0
32738,0
34942,0
64200,0
21216,0
27230,0
83083,0
175,0
13414,0
64821,0
5978,0
45551,0
72618,0
17213,0
91431,0
52900,0
8542,0
2379,0
68182,0
25630,0
54211,0
24754,0
51176,0
50225,0
50703,0
64336,0
25928,0
60588,0
30947,0
34482,0
24977,1
39927,0
61488,0
14356,0
37056,0
40278,0
70587,0
92909,0
90827,0
43387,0
47749,0
41795,1
69800,1
6001,0
14642,0
55349,0
49224,0
15401,0
93862,0
16872,0
38281,0
15570,0
73746,0
63163,0
49457,0
51959,0
6096,0
37792,0
89,0
52938,0
93611,0
11640,0
76402,0
44943,0
6855,0
15955,0
3074,0
52056,0
3590,0
8202,0
36402,0
81999,0
43175,0
38109,0
13428,0
59633,0
94097,0
88515,0
51562,0
33962,0
50690,0
33601,1
77880,0
95534,0
67007,0
78348,0
33836,0
5666,0
18051,0
10945,0
2287,1
45636,0
69802,0
46948,0
42506,0
85122,1
88452,0
87529,1
51200,0
18063,0
24755,1
29984,0
80963,0
40131,0
44027,0
51420,0
31039,0
86867,0
20907,0
32405,0
22104,0
43663,0
5928,0
88637,0
59276,0
83708,0
53029,0
83170,0
36414,0
71368,0
95058,0
12155,0
11714,0
82882,0
49994,1
54231,1
66388,0
44367,0
92096,0
29935,1
63911,0
20419,0
48684,0
74610,0
84834,0
46369,1
8357,0
51788,0
4355,0
31692,0
8544,0
96692,0
60576,0
38761,0
15626,0
59968,0
10885,0
31331,0
28377,0
90024,0
6277,0
71123,0
96542,0
36223,0
91628,0
8242,0
5315,0
60558,0
32961,0
83032,0
85481,0
228,0
67228,0
14030,1
66316,0
33816,0
59185,0
78098,0
69496,0
60190,0
53299,0
6924,0
62162,0
1361,0
76618,0
17501,0
39766,0
1146,1
15615,0
6925,0
86189,0
70546,0
38364,0
12571,0
46679,0
11188,0
54133,0
58151,0
51812,0
14951,0
14889,0
80088,0
70286,0
5178,0
81841,0
39257,0
59929,0
2655,0
85016,0
58721,0
45751,0
21411,1
2227,1
67537,0
96705,0
34239,0
86476,0
51974,0
51264,0
35657,0
10236,1
19377,0
82108,0
53650,0
2433,0
78925,0
25350,0
94455,0
56128,0
39158,0
83157,1
22919,0
81330,0
30500,1
93748,0
20709,0
69765,0
805,0
1809,1
72902,0
79918,0
71505,0
22589,0
89667,0
43618,0
37147,0
21689,0
36603,0
8636,0
65765,0
34721,0
28301,0
89737,1
15751,0
37562,0
69993,0
58784,0
62813,0
43495,0
67973,0
48079,0
61291,0
29901,0
53324,0
58359,0
66356,0
54963,0
3157,0
87578,0
57570,0
87029,0
30408,0
32008,0
75517,0
24294,0
12204,0
9172,0
77319,0
14458,0
30315,0
67604,0
82703,0
54960,0
90278,0
44391,0
51239,0
76580,0
20934,0
544,0
66616,0
51436,0
82358,0
97053,0
3821,0
11695,0
67538,1
35275,0
44887,1
61409,0
26092,0
27664,0
62093,0
67230,0
1019,0
4508,0
55522,0
65940,0
87333,0
23442,0
2838,0
60717,0
72027,0
80297,0
75755,0
22840,1
66977,0
67713,1
58783,0
64421,0
56768,0
86456,0
11388,0
13949,0
45966,1
38376,0
84287,0
53722,0
74154,0
10840,0
68139,0
23318,0
31950,0
57305,0
70736,0
80474,0
25028,0
91399,0
71980,0
86963,0
90106,0
47068,0
70137,0
81889,1
37187,0
51728,0
39307,0
81631,0
42611,0
26014,0
55003,1
40160,0
59012,0
33958,1
45937,0
14746,0
23300,0
62087,1
20776,0
11634,0
43206,0
88564,0
9311,0
18912,0
86843,0
83613,0
38748,0
18414,0
18918,0
27050,1
38208,0
43176,0
44895,0
7205,0
71455,0
48559,0
51983,1
95687,0
22464,0
81157,0
9181,0
66415,0
26037,0
38244,0
7761,0
26566,0
15567,0
47730,0
82390,0
43376,0
18478,0
77540,0
85471,0
60581,0
76129,0
66771,0
90042,0
81224,0
947,0
85364,0
46746,0
12342,0
879,0
45957,0
73138,0
47613,0
59230,0
60467,0
36988,0
84044,0
45772,0
22049,1
94063,0
48853,0
50634,1
3869,0
48144,0
17035,0
74971,0
7889,0
1407,0
49639,0
95508,0
72004,0
77292,0
49647,0
55626,0
22219,0
87052,0
22540,0
60903,1
83034,0
88656,0
69285,0
61468,1
62818,0
39536,0
66988,1
90629,0
16296,0
72602,0
86687,0
80708,0
3135,0
55106,0
45412,0
29447,0
19670,0
39507,0
40133,0
74889,0
4945,0
46473,0
69700,0
26258,0
21808,0
91490,0
95871,0
90807,0
10084,0
25223,0
92592,0
14319,0
28482,0
75401,0
23542,0
22139,0
87430,0
74803,0
47798,0
20594,0
78191,0
92338,0
75122,0
16747,0
26637,0
33442,0
24871,0
59280,1
36883,0
30778,0
42274,0
95091,0
75018,0
956,0
11125,0
5327,0
27769,0
91164,0
8028,0
70616,0
12421,0
97018,0
46727,0
94349,0
32906,0
60061,0
27204,0
62681,0
62661,0
18609,0
94437,0
78334,0
85595,0
28435,0
17770,0
12085,0
73161,0
73014,0
52352,0
95379,0
58937,0
39093,0
1279,0
46663,0
5695,0
49859,0
56747,1
49785,0
88928,0
73058,0
23071,0
68366,0
41774,0
75639,1
84571,0
69324,0
6458,0
78118,0
21088,0
12796,0
74555,1
8158,0
92973,0
80524,0
72248,0
55405,0
76035,0
31404,0
23465,0
64539,0
89435,0
19872,0
51011,0
61973,0
90014,0
5188,1
65076,0
13325,0
61607,0
34563,0
4605,0
16256,0
66226,0
74478,1
91138,0
43009,0
33701,0
35975,0
8498,0
62259,1
40303,0
59751,1
85920,0
94738,0
49137,0
64164,0
39785,0
33087,1
12998,0
8015,0
1174,0
19540,0
71642,0
27005,0
91487,0
47122,0
43016,0
74821,0
83617,0
53854,0
30900,0
4327,0
53108,0
30607,0
77325,0
63036,0
50204,1
78572,0
64175,0
32470,0
35038,0
40603,0
66437,0
49615,0
25433,0
6921,0
67609,0
5649,0
63949,0
41698,0
21171,0
13249,0
46764,0
94490,0
17571,1
9908,0
4698,0
63742,0
52863,0
45531,0
18868,0
22884,0
46685,0
30208,0
53577,1
80507,0
23098,0
68261,0
16574,0
18046,1
25704,0
25526,0
11245,0
35471,0
11225,0
3063,0
20072,0
86681,0
89018,0
46204,0
92399,0
52519,0
3581,0
74381,0
43231,0
91371,0
79842,1
72196,0
63970,0
5589,0
95846,0
61737,0
22810,0
10600,0
70540,0
88780,0
66752,0
74857,0
16033,0
51393,0
46852,0
20640,0
71728,0
29764,0
50398,0
38380,0
20815,0
2178,0
42380,0
50149,0
89183,0
11974,0
35151,0
4492,0
95614,0
1131,1
49423,0
92869,0
53110,0
15116,0
47353,0
37656,0
11234,0
7521,0
47921,0
3249,0
10794,0
85362,0
21620,0
78689,0
28024,0
24402,0
48395,0
40151,0
79714,0
11993,0
46357,0
51837,0
78557,0
52913,0
34707,0
84183,1
64861,0
70763,0
85553,1
96560,0
91175,0
39340,0
69508,0
46370,0
40455,0
85931,0
94174,0
55009,0
54658,0
51445,0
61682,0
1999,0
35803,0
11834,0
85302,0
8029,0
52369,1
57766,0
251,0
64556,0
81003,0
225,0
60427,0
16046,0
72099,0
24583,0
57587,0
27507,0
47263,0
11391,0
93725,0
4067,0
615,0
36295,0
92069,0
81441,1
85374,0
19294,0
46691,0
92664,1
92398,1
40869,1
11692,0
78261,0
49253,0
96765,1
50652,0
74302,0
67808,0
32618,0
14649,0
1440,0
8293,0
40821,0
28178,0
40221,0
65281,0
24277,0
69665,0
64220,1
82314,0
65478,0
45242,1
15785,0
35761,0
36899,0
32585,0
55750,1
88322,0
11894,0
95105,0
62796,0
54872,0
65470,0
73488,0
23751,0
5640,0
51093,0
16440,0
90086,0
19521,0
3037,0
38915,0
87786,0
86800,0
58892,0
8582,1
62131,0
83889,0
61272,0
46923,0
91135,0
41499,0
46868,0
69548,1
94101,0
94654,0
22801,0
22478,0
55969,0
60834,1
5757,0
75342,0
58333,0
63012,0
32303,0
47992,0
71256,1
24362,0
29317,0
18977,0
77580,0
56211,0
50748,0
49323,0
59909,0
50236,0
81343,0
54784,0
18354,1
10783,0
21303,0
43605,0
65922,0
43196,0
18622,0
48470,0
85347,0
37877,0
22236,0
49221,0
82759,0
15343,1
32558,1
31677,0
95882,0
95338,0
73450,0
29930,0
78693,0
92377,0
27336,0
38285,0
25552,0
29180,0
56657,0
88777,0
17566,0
45096,0
55902,1
44099,0
61629,0
25477,0
15077,0
77193,1
29197,0
95419,0
83063,0
21742,0
10806,0
54366,0
60147,0
38653,0
27861,0
12992,0
67302,1
78479,1
24605,0
28323,0
20355,0
54581,0
86979,0
68735,0
82104,1
93090,0
54413,0
89378,0
50281,0
75305,0
19183,0
41892,0
5745,0
11397,0
39483,0
77158,0
55417,0
12004,0
68575,0
54001,0
3615,0
67636,0
36242,0
31610,0
62432,0
3377,0
25326,0
5376,0
27686,1
67752,0
47815,0
77052,0
82934,0
1209,0
40925,0
32309,0
90684,0
94376,0
88154,0
18738,0
67311,0
53671,0
81065,0
50147,0
3183,0
46884,0
53352,0
25250,0
47287,0
93680,0
45219,0
38990,0
39201,0
96646,0
86449,0
15522,0
29163,0
48974,0
3464,0
85773,0
63522,0
24575,1
11268,0
82037,0
87739,0
18493,0
35030,0
14015,0
38300,0
81055,0
28220,0
36994,0
16477,0
53699,0
21803,0
31896,0
29677,1
27450,0
21882,0
67439,0
84307,1
86760,1
8324,0
90969,0
39777,0
65800,0
84684,0
30231,0
15233,0
30418,0
46904,0
82248,0
41859,0
48153,0
33538,0
58065,0
22171,0
75931,1
44080,0
87372,0
15161,0
20008,0
74762,0
19138,0
21754,0
77344,0
78037,0
48253,0
47293,0
60984,0
67650,0
33652,1
36710,0
59349,0
25359,0
45671,1
38898,0
46618,0
44307,0
75954,0
47216,0
42892,0
70420,0
3661,1
84775,0
22984,0
40517,0
55202,0
42953,0
87097,0
6843,0
73775,0
56610,0
80905,0
51094,0
93509,0
96121,0
35873,0
71685,0
96863,0
56139,0
38535,0
49210,0
70492,1
14840,0
19309,0
51358,0
6694,0
43072,0
93436,0
76146,0
49580,0
49822,0
84469,0
89331,0
58819,0
74263,0
50276,0
45810,0
47097,0
1142,0
53385,0
6127,0
67997,0
41165,0
45945,0
15638,1
17713,0
27736,0
70703,0
19613,0
17930,0
69971,0
12036,0
32616,0
86019,0
7302,0
58880,0
85309,0
46196,0
82569,0
16903,0
70814,0
29505,0
20401,0
81512,0
93814,0
93323,0
28856,0
60695,0
83023,0
73763,0
87416,0
26063,0
34485,0
94034,0
80596,0
84254,0
75454,1
31059,0
15037,0
73455,0
5940,0
23526,0
1544,0
32777,0
20121,0
16768,0
90277,0
25261,0
86225,1
59489,0
61929,0
91081,0
86245,0
28878,0
78288,0
38124,0
10688,0
81879,0
42103,0
8782,0
25853,0
73122,0
67979,0
88351,1
77547,0
84791,0
92551,0
68746,0
30820,0
96602,0
63022,0
32577,0
91489,0
27772,0
1601,0
36672,0
33844,0
50037,0
2103,0
13188,0
59127,0
41132,1
27784,0
11259,0
5279,0
88926,0
37143,0
26435,0
84874,0
97084,0
40762,0
11689,0
1014,0
88014,0
90914,0
34640,0
56143,0
95169,0
77534,0
18796,0
75764,0
71275,0
76470,0
45167,0
41537,0
73295,0
69743,0
11745,0
38896,0
14112,0
14878,0
27582,1
48739,1
63920,0
64182,0
23243,0
10322,0
77389,0
61541,0
56503,0
39750,0
8191,0
8714,0
94274,0
68634,1
92587,0
44524,0
51202,0
78272,0
38660,0
36264,0
25279,0
44928,0
55863,0
94721,0
81120,0
54073,0
76891,0
15275,0
81821,0
26785,0
17736,0
55726,0
82532,0
85660,0
69933,0
24594,0
86585,0
2832,0
89672,0
53194,0
41543,0
40449,0
34898,0
85064,0
49322,0
59195,0
58939,0
18433,0
52512,0
30948,0
64643,0
28313,0
5112,0
54671,0
97297,0
1239,0
39088,0
2597,1
3741,0
91771,0
46488,0
18683,0
12334,0
34427,0
20923,0
25600,0
92891,0
71183,0
36605,0
41214,0
46353,0
50527,0
90530,0
31323,0
13952,0
55116,0
2592,0
53996,0
76319,0
36787,0
92774,0
39484,0
63442,0
36668,0
5388,0
11707,0
50564,1
95530,0
67102,0
5548,0
23895,0
14581,0
36554,0
26662,0
71551,1
6082,0
14461,0
48793,0
53062,0
25439,0
55282,0
43365,0
3106,0
37610,0
48524,0
19303,0
22365,0
59363,0
95838,0
14178,0
30532,0
46782,0
50116,0
13258,0
9148,0
55358,0
11529,1
23036,0
88200,0
38263,0
84703,0
26670,0
46716,0
83963,0
63400,0
57922,0
1331,0
65209,0
16470,0
45780,0
1162,0
13465,1
2801,0
86268,0
39611,1
25390,0
50368,0
31977,0
77174,0
26123,0
71407,0
64316,0
85442,0
80815,0
92773,0
15162,0
29233,1
2691,0
80753,1
10977,0
19944,0
25275,0
68485,0
19915,0
85789,0
48948,0
40274,0
7098,0
56669,0
6252,0
46791,0
89191,0
68245,0
77823,0
94190,0
52964,0
73757,0
33999,0
76464,0
7295,0
35865,0
330,0
50833,0
29019,0
74878,0
34136,0
96871,0
32653,0
34154,0
34129,0
62471,0
44777,0
45803,0
77419,0
53033,0
30486,0
3724,0
60481,0
71794,0
3262,0
40188,0
56467,0
87183,0
56110,0
46848,0
46646,0
20329,0
88899,1
39288,0
38621,0
19245,0
10934,0
7158,0
64255,0
12958,0
92500,0
19191,0
22018,0
37542,0
43656,0
73012,0
39336,0
52114,0
28384,0
82069,0
26227,0
84094,0
50193,0
44404,0
25542,0
80416,0
71849,0
17901,1
3520,0
18837,0
61404,1
92844,1
15642,0
27615,0
9152,0
10235,0
999,0
97303,0
24123,0
14406,0
86582,0
51355,0
4762,0
43914,0
25971,0
61742,0
97281,0
73832,0
76291,0
49957,0
42871,0
18775,0
10731,0
18863,0
28276,0
29070,0
13496,0
54880,0
52351,0
64910,0
29873,0
88514,0
20846,0
329,0
25054,1
15780,0
38978,0
55045,0
27035,0
13083,0
55911,0
72005,0
8196,0
26399,1
27122,0
74680,0
14568,0
13281,0
1688,0
41124,0
26709,0
130,0
65760,0
69850,1
59588,0
45682,0
68133,0
75322,0
35128,0
54042,0
11287,0
28979,0
74329,0
81280,0
90350,0
91412,0
33690,0
5430,0
63702,1
16338,0
97270,0
52497,0
55580,0
11719,0
27439,0
67182,0
40319,0
91580,0
57229,0
90743,0
5996,0
31479,0
62872,0
88075,0
76315,0
79022,0
79131,0
17102,0
29131,0
90639,0
46040,0
43221,0
42404,0
28398,0
73920,0
77952,0
8899,0
81383,0
6299,0
57433,0
83903,0
63655,0
93210,0
47646,0
75999,0
27052,0
76379,0
26631,0
37424,0
76995,0
58447,0
64723,0
54460,0
92190,0
42105,0
60914,0
5036,0
58134,0
30175,0
79277,1
51552,0
61349,1
39180,0
76076,0
7687,0
71970,0
25831,0
60489,0
95085,0
89456,0
60880,0
94482,0
27844,0
60379,0
51187,0
54611,0
3401,0
4342,0
73408,0
78371,0
75548,0
41574,0
50733,0
67249,0
7857,0
53590,0
18367,0
3368,0
80128,0
55114,0
1687,0
27963,0
35073,0
32609,0
73222,0
6086,0
26295,0
67322,0
84292,0
85948,0
15178,0
21723,0
72674,0
39561,0
13257,0
86479,0
20392,0
29073,0
73883,0
80434,0
52885,0
51947,0
82036,0
40646,0
13750,0
37160,0
62619,0
70317,0
56483,0
6609,0
77667,0
15587,0
84195,0
7157,0
92767,0
28422,0
11151,0
64297,0
66406,0
23557,0
26167,0
77100,1
7139,0
36352,1
42495,0
74788,0
37066,0
89953,1
76142,0
62605,0
18138,0
72101,0
74910,0
31485,0
93379,0
32016,0
16719,0
60108,0
69755,0
49310,0
33862,0
81593,0
53186,0
29700,0
34605,0
10744,1
37796,0
2903,0
45756,0
6080,0
1871,0
15085,0
20767,0
38712,1
67315,1
69381,0
36407,1
41718,0
37811,0
35796,0
95348,0
4996,1
64995,0
86806,0
93394,0
48342,0
33368,0
22103,0
93746,0
8154,0
62137,0
60655,0
37591,0
5707,0
12702,0
70210,0
28947,0
88618,0
40756,0
80207,0
19928,0
66588,0
76766,0
49354,0
2157,0
38854,0
96214,0
11292,0
5786,0
52945,0
51225,0
44388,1
9389,0
86745,0
61509,1
30540,0
95626,0
15868,0
74582,0
2108,0
70244,0
1834,0
69626,0
76323,0
23417,0
56964,0
15459,0
95114,0
41938,0
82071,0
94344,0
87386,0
865,0
78471,0
40567,0
49165,0
8594,0
81268,0
23799,0
10145,0
50220,0
31914,0
28988,1
50583,0
84027,0
4495,0
37425,0
90823,0
92384,1
42387,0
74563,0
79562,0
38829,0
28599,0
63731,0
18450,0
73467,0
49177,0
42294,0
95204,1
8264,1
86967,0
61994,0
38336,0
57912,0
60843,0
47455,0
5459,0
12689,0
84911,0
41516,1
27185,0
24105,1
46408,0
28371,0
78179,0
65930,0
56175,0
5962,0
55127,0
22043,0
82122,0
18947,0
13294,0
95103,0
29718,0
19941,0
2945,0
93768,1
72170,0
68849,0
2502,0
56502,0
87824,0
58808,0
44606,0
10260,0
19976,0
46705,0
64329,0
4372,0
37712,0
82998,0
26164,0
93437,0
76966,0
15088,0
55537,0
44353,0
93386,0
56785,0
13951,0
27739,0
71517,0
80111,0
80121,0
5662,0
36808,0
5140,0
70052,0
11509,0
46086,0
81968,0
91630,0
63472,0
73727,0
7785,0
27243,0
2818,0
31887,0
30309,0
38546,0
82763,0
73592,0
52211,0
92998,0
60845,0
7399,0
96244,0
25689,0
24361,0
39400,0
35152,0
90055,0
24728,0
96899,0
10896,1
38590,0
72982,0
66109,0
66272,0
9437,0
93698,0
3004,0
68040,0
59590,0
5479,0
72364,1
34085,0
15422,1
14381,0
81805,0
86608,0
30600,0
